S.No,Date,Time_INITIAL,Time,Solar,Temp,Wind,Demand
1,31-08-2015,12:00 AM,00:00:00,0,29.1,1.62,2.82
2,31-08-2015,12:01 AM,00:01:00,0,29.1,1.62,2.82
3,31-08-2015,12:02 AM,00:02:00,0,29.1,0,2.82
4,31-08-2015,12:03 AM,00:03:00,0,29,1.62,2.82
5,31-08-2015,12:04 AM,00:04:00,0,29,1.62,2.82
6,31-08-2015,12:05 AM,00:05:00,0,29,1.62,2.82
7,31-08-2015,12:06 AM,00:06:00,0,28.9,1.62,2.82
8,31-08-2015,12:07 AM,00:07:00,0,29,0,2.82
9,31-08-2015,12:08 AM,00:08:00,0,29,0,2.82
10,31-08-2015,12:09 AM,00:09:00,0,28.9,0,2.82
11,31-08-2015,12:10 AM,00:10:00,0,28.9,0,2.82
12,31-08-2015,12:11 AM,00:11:00,0,28.9,0,2.82
13,31-08-2015,12:12 AM,00:12:00,0,28.9,0,2.4
14,31-08-2015,12:13 AM,00:13:00,0,28.9,0,2.4
15,31-08-2015,12:14 AM,00:14:00,0,29,0,2.4
16,31-08-2015,12:15 AM,00:15:00,0,29,0,4.4
17,31-08-2015,12:16 AM,00:16:00,0,29,0,4.4
18,31-08-2015,12:17 AM,00:17:00,0,29,0,4.4
19,31-08-2015,12:18 AM,00:18:00,0,29,0,4.4
20,31-08-2015,12:19 AM,00:19:00,0,29.1,0,4.4
21,31-08-2015,12:20 AM,00:20:00,0,29.1,0,4.4
22,31-08-2015,12:21 AM,00:21:00,0,29.1,0,4.4
23,31-08-2015,12:22 AM,00:22:00,0,29.1,0,3
24,31-08-2015,12:23 AM,00:23:00,0,29.1,0,3
25,31-08-2015,12:24 AM,00:24:00,0,29.1,0,3
26,31-08-2015,12:25 AM,00:25:00,0,29.1,0,3
27,31-08-2015,12:26 AM,00:26:00,0,29.1,0,3
28,31-08-2015,12:27 AM,00:27:00,0,29.1,0,3
29,31-08-2015,12:28 AM,00:28:00,0,29.1,0,3
30,31-08-2015,12:29 AM,00:29:00,0,29.1,0,3
31,31-08-2015,12:30 AM,00:30:00,0,29.1,0,3
32,31-08-2015,12:31 AM,00:31:00,0,29.1,0,3
33,31-08-2015,12:32 AM,00:32:00,0,29.2,0,3.42
34,31-08-2015,12:33 AM,00:33:00,0,29.2,0,3.42
35,31-08-2015,12:34 AM,00:34:00,0,29.2,0,4.4
36,31-08-2015,12:35 AM,00:35:00,0,29.2,0,4.4
37,31-08-2015,12:36 AM,00:36:00,0,29.1,0,4.4
38,31-08-2015,12:37 AM,00:37:00,0,29.1,0,4.4
39,31-08-2015,12:38 AM,00:38:00,0,29.1,0,4.4
40,31-08-2015,12:39 AM,00:39:00,0,29.1,0,4.4
41,31-08-2015,12:40 AM,00:40:00,0,29.1,0,3
42,31-08-2015,12:41 AM,00:41:00,0,29.1,0,3
43,31-08-2015,12:42 AM,00:42:00,0,29.1,0,3
44,31-08-2015,12:43 AM,00:43:00,0,29,0,3
45,31-08-2015,12:44 AM,00:44:00,0,29,0,3.42
46,31-08-2015,12:45 AM,00:45:00,0,28.9,0,3.42
47,31-08-2015,12:46 AM,00:46:00,0,28.9,0,3.42
48,31-08-2015,12:47 AM,00:47:00,0,28.9,0,3.42
49,31-08-2015,12:48 AM,00:48:00,0,28.9,0,3
50,31-08-2015,12:49 AM,00:49:00,0,28.8,0,3
51,31-08-2015,12:50 AM,00:50:00,0,28.8,0,3
52,31-08-2015,12:51 AM,00:51:00,0,28.8,0,3
53,31-08-2015,12:52 AM,00:52:00,0,28.8,0,4.4
54,31-08-2015,12:53 AM,00:53:00,0,28.8,0,4.4
55,31-08-2015,12:54 AM,00:54:00,0,28.8,0,4.4
56,31-08-2015,12:55 AM,00:55:00,0,28.8,0,4.4
57,31-08-2015,12:56 AM,00:56:00,0,28.8,0,4.4
58,31-08-2015,12:57 AM,00:57:00,0,28.8,0,4.4
59,31-08-2015,12:58 AM,00:58:00,0,28.8,0,3
60,31-08-2015,12:59 AM,00:59:00,0,28.8,0,3
61,31-08-2015,01:00 AM,01:00:00,0,28.9,0,4
62,31-08-2015,01:01 AM,01:01:00,0,28.9,1.62,4
63,31-08-2015,01:02 AM,01:02:00,0,28.9,2.34,4
64,31-08-2015,01:03 AM,01:03:00,0,28.9,1.62,4
65,31-08-2015,01:04 AM,01:04:00,0,28.9,2.34,4
66,31-08-2015,01:05 AM,01:05:00,0,29,1.62,4
67,31-08-2015,01:06 AM,01:06:00,0,29,3.24,4
68,31-08-2015,01:07 AM,01:07:00,0,29,3.24,4
69,31-08-2015,01:08 AM,01:08:00,0,29.1,3.24,4.42
70,31-08-2015,01:09 AM,01:09:00,0,29.1,1.62,4.42
71,31-08-2015,01:10 AM,01:10:00,0,29.1,3.24,5.4
72,31-08-2015,01:11 AM,01:11:00,0,29.1,0.72,5.4
73,31-08-2015,01:12 AM,01:12:00,0,29.2,1.62,5.4
74,31-08-2015,01:13 AM,01:13:00,0,29.2,3.24,5.4
75,31-08-2015,01:14 AM,01:14:00,0,29.2,1.62,5.4
76,31-08-2015,01:15 AM,01:15:00,0,29.2,0.72,5.4
77,31-08-2015,01:16 AM,01:16:00,0,29.2,3.24,4
78,31-08-2015,01:17 AM,01:17:00,0,29.2,1.62,4
79,31-08-2015,01:18 AM,01:18:00,0,29.2,3.96,4
80,31-08-2015,01:19 AM,01:19:00,0,29.2,3.24,4
81,31-08-2015,01:20 AM,01:20:00,0,29.2,3.96,4.42
82,31-08-2015,01:21 AM,01:21:00,0,29.2,2.34,4.42
83,31-08-2015,01:22 AM,01:22:00,0,29.2,4.86,4.42
84,31-08-2015,01:23 AM,01:23:00,0,29.2,3.96,4.42
85,31-08-2015,01:24 AM,01:24:00,0,29.2,4.86,4
86,31-08-2015,01:25 AM,01:25:00,0,29.3,4.86,4
87,31-08-2015,01:26 AM,01:26:00,0,29.3,4.86,4
88,31-08-2015,01:27 AM,01:27:00,0,29.3,3.24,4
89,31-08-2015,01:28 AM,01:28:00,0,29.3,3.24,5.4
90,31-08-2015,01:29 AM,01:29:00,0,29.3,2.34,5.4
91,31-08-2015,01:30 AM,01:30:00,0,29.3,1.62,5.4
92,31-08-2015,01:31 AM,01:31:00,0,29.3,6.48,5.4
93,31-08-2015,01:32 AM,01:32:00,0,29.3,6.48,5.4
94,31-08-2015,01:33 AM,01:33:00,0,29.3,2.34,5.4
95,31-08-2015,01:34 AM,01:34:00,0,29.3,3.96,4
96,31-08-2015,01:35 AM,01:35:00,0,29.3,3.24,4
97,31-08-2015,01:36 AM,01:36:00,0,29.3,4.86,4
98,31-08-2015,01:37 AM,01:37:00,0,29.3,4.86,4
99,31-08-2015,01:38 AM,01:38:00,0,29.3,4.86,4
100,31-08-2015,01:39 AM,01:39:00,0,29.3,3.96,4
101,31-08-2015,01:40 AM,01:40:00,0,29.3,5.58,4
102,31-08-2015,01:41 AM,01:41:00,0,29.3,5.58,4
103,31-08-2015,01:42 AM,01:42:00,0,29.3,10.44,4
104,31-08-2015,01:43 AM,01:43:00,0,29.3,10.44,4
105,31-08-2015,01:44 AM,01:44:00,0,29.3,8.1,4.42
106,31-08-2015,01:45 AM,01:45:00,0,29.3,6.48,4.42
107,31-08-2015,01:46 AM,01:46:00,0,29.3,4.86,5.4
108,31-08-2015,01:47 AM,01:47:00,0,29.3,5.58,5.4
109,31-08-2015,01:48 AM,01:48:00,0,29.3,4.86,5.4
110,31-08-2015,01:49 AM,01:49:00,0,29.3,6.48,5.4
111,31-08-2015,01:50 AM,01:50:00,0,29.3,4.86,5.4
112,31-08-2015,01:51 AM,01:51:00,0,29.3,3.24,5.4
113,31-08-2015,01:52 AM,01:52:00,0,29.3,5.58,4
114,31-08-2015,01:53 AM,01:53:00,0,29.2,3.96,4
115,31-08-2015,01:54 AM,01:54:00,0,29.3,4.86,4
116,31-08-2015,01:55 AM,01:55:00,0,29.2,3.96,4
117,31-08-2015,01:56 AM,01:56:00,0,29.2,4.86,4.42
118,31-08-2015,01:57 AM,01:57:00,0,29.2,3.96,4.42
119,31-08-2015,01:58 AM,01:58:00,0,29.2,3.96,4.42
120,31-08-2015,01:59 AM,01:59:00,0,29.2,5.58,4.42
121,31-08-2015,02:00 AM,02:00:00,0,29.2,3.96,3
122,31-08-2015,02:01 AM,02:01:00,0,29.2,2.34,3
123,31-08-2015,02:02 AM,02:02:00,0,29.2,3.96,3
124,31-08-2015,02:03 AM,02:03:00,0,29.2,3.96,3
125,31-08-2015,02:04 AM,02:04:00,0,29.2,3.96,4.4
126,31-08-2015,02:05 AM,02:05:00,0,29.2,3.96,4.4
127,31-08-2015,02:06 AM,02:06:00,0,29.2,7.2,4.4
128,31-08-2015,02:07 AM,02:07:00,0,29.1,8.82,4.4
129,31-08-2015,02:08 AM,02:08:00,0,29.1,6.48,4.4
130,31-08-2015,02:09 AM,02:09:00,0,29.1,3.24,4.4
131,31-08-2015,02:10 AM,02:10:00,0,29.1,3.96,3
132,31-08-2015,02:11 AM,02:11:00,0,29.1,4.86,3
133,31-08-2015,02:12 AM,02:12:00,0,29.1,4.86,3
134,31-08-2015,02:13 AM,02:13:00,0,29.1,3.96,3
135,31-08-2015,02:14 AM,02:14:00,0,29.1,5.58,3
136,31-08-2015,02:15 AM,02:15:00,0,29.1,4.86,3
137,31-08-2015,02:16 AM,02:16:00,0,29.1,5.58,3
138,31-08-2015,02:17 AM,02:17:00,0,29.1,4.86,3
139,31-08-2015,02:18 AM,02:18:00,0,29.1,3.96,3
140,31-08-2015,02:19 AM,02:19:00,0,29.1,3.24,3
141,31-08-2015,02:20 AM,02:20:00,0,29,3.96,3.42
142,31-08-2015,02:21 AM,02:21:00,0,29,5.58,3.42
143,31-08-2015,02:22 AM,02:22:00,0,29,3.96,4.4
144,31-08-2015,02:23 AM,02:23:00,0,29,5.58,4.4
145,31-08-2015,02:24 AM,02:24:00,0,29,7.2,4.4
146,31-08-2015,02:25 AM,02:25:00,0,28.9,6.48,4.4
147,31-08-2015,02:26 AM,02:26:00,0,28.9,4.86,4.4
148,31-08-2015,02:27 AM,02:27:00,0,28.9,6.48,4.4
149,31-08-2015,02:28 AM,02:28:00,0,28.9,1.62,3
150,31-08-2015,02:29 AM,02:29:00,0,28.9,3.96,3
151,31-08-2015,02:30 AM,02:30:00,0,28.9,3.24,3
152,31-08-2015,02:31 AM,02:31:00,0,28.9,3.96,3
153,31-08-2015,02:32 AM,02:32:00,0,28.9,3.96,3.42
154,31-08-2015,02:33 AM,02:33:00,0,28.9,5.58,3.42
155,31-08-2015,02:34 AM,02:34:00,0,28.8,6.48,3.42
156,31-08-2015,02:35 AM,02:35:00,0,28.8,3.24,3.42
157,31-08-2015,02:36 AM,02:36:00,0,28.8,3.96,3
158,31-08-2015,02:37 AM,02:37:00,0,28.8,3.96,3
159,31-08-2015,02:38 AM,02:38:00,0,28.8,6.48,3
160,31-08-2015,02:39 AM,02:39:00,0,28.8,4.86,3
161,31-08-2015,02:40 AM,02:40:00,0,28.8,3.96,4.4
162,31-08-2015,02:41 AM,02:41:00,0,28.8,3.96,4.4
163,31-08-2015,02:42 AM,02:42:00,0,28.8,4.86,4.4
164,31-08-2015,02:43 AM,02:43:00,0,28.8,3.24,4.4
165,31-08-2015,02:44 AM,02:44:00,0,28.8,3.24,4.4
166,31-08-2015,02:45 AM,02:45:00,0,28.8,4.86,4.4
167,31-08-2015,02:46 AM,02:46:00,0,28.8,6.48,3
168,31-08-2015,02:47 AM,02:47:00,0,28.8,7.2,3
169,31-08-2015,02:48 AM,02:48:00,0,28.7,1.62,3
170,31-08-2015,02:49 AM,02:49:00,0,28.7,5.58,3
171,31-08-2015,02:50 AM,02:50:00,0,28.7,4.86,3
172,31-08-2015,02:51 AM,02:51:00,0,28.7,5.58,3
173,31-08-2015,02:52 AM,02:52:00,0,28.7,6.48,3
174,31-08-2015,02:53 AM,02:53:00,0,28.7,7.2,3
175,31-08-2015,02:54 AM,02:54:00,0,28.6,4.86,3
176,31-08-2015,02:55 AM,02:55:00,0,28.6,3.96,3
177,31-08-2015,02:56 AM,02:56:00,0,28.6,8.1,3.42
178,31-08-2015,02:57 AM,02:57:00,0,28.6,8.82,3.42
179,31-08-2015,02:58 AM,02:58:00,0,28.6,8.1,4.4
180,31-08-2015,02:59 AM,02:59:00,0,28.6,7.2,4.4
181,31-08-2015,03:00 AM,03:00:00,0,28.6,3.96,4.4
182,31-08-2015,03:01 AM,03:01:00,0,28.5,8.1,4.4
183,31-08-2015,03:02 AM,03:02:00,0,28.5,8.1,4.4
184,31-08-2015,03:03 AM,03:03:00,0,28.4,8.82,4.4
185,31-08-2015,03:04 AM,03:04:00,0,28.4,5.58,3
186,31-08-2015,03:05 AM,03:05:00,0,28.4,6.48,3
187,31-08-2015,03:06 AM,03:06:00,0,28.4,7.2,3
188,31-08-2015,03:07 AM,03:07:00,0,28.4,7.2,3
189,31-08-2015,03:08 AM,03:08:00,0,28.4,6.48,3.42
190,31-08-2015,03:09 AM,03:09:00,0,28.3,6.48,3.42
191,31-08-2015,03:10 AM,03:10:00,0,28.3,4.86,3.42
192,31-08-2015,03:11 AM,03:11:00,0,28.3,5.58,3.42
193,31-08-2015,03:12 AM,03:12:00,0,28.3,6.48,3
194,31-08-2015,03:13 AM,03:13:00,0,28.3,4.86,3
195,31-08-2015,03:14 AM,03:14:00,0,28.3,10.44,3
196,31-08-2015,03:15 AM,03:15:00,0,28.3,9.72,1
197,31-08-2015,03:16 AM,03:16:00,0,28.3,5.58,2.4
198,31-08-2015,03:17 AM,03:17:00,0,28.3,9.72,2.4
199,31-08-2015,03:18 AM,03:18:00,0,28.3,12.96,2.4
200,31-08-2015,03:19 AM,03:19:00,0,28.3,12.96,2.4
201,31-08-2015,03:20 AM,03:20:00,0,28.3,7.2,2.4
202,31-08-2015,03:21 AM,03:21:00,0,28.2,5.58,2.4
203,31-08-2015,03:22 AM,03:22:00,0,28.2,7.2,1
204,31-08-2015,03:23 AM,03:23:00,0,28.2,6.48,1
205,31-08-2015,03:24 AM,03:24:00,0,28.2,4.86,1
206,31-08-2015,03:25 AM,03:25:00,0,28.2,6.48,1
207,31-08-2015,03:26 AM,03:26:00,0,28.2,8.82,1
208,31-08-2015,03:27 AM,03:27:00,0,28.2,12.96,1
209,31-08-2015,03:28 AM,03:28:00,0,28.2,5.58,1
210,31-08-2015,03:29 AM,03:29:00,0,28.2,7.2,1
211,31-08-2015,03:30 AM,03:30:00,0,28.2,6.48,1
212,31-08-2015,03:31 AM,03:31:00,0,28.2,6.48,1
213,31-08-2015,03:32 AM,03:32:00,0,28.2,7.2,1.42
214,31-08-2015,03:33 AM,03:33:00,0,28.1,7.2,1.42
215,31-08-2015,03:34 AM,03:34:00,0,28.1,3.96,2.82
216,31-08-2015,03:35 AM,03:35:00,0,28.1,6.48,2.82
217,31-08-2015,03:36 AM,03:36:00,0,28.1,6.48,2.4
218,31-08-2015,03:37 AM,03:37:00,0,28.1,9.72,2.4
219,31-08-2015,03:38 AM,03:38:00,0,28.1,8.82,2.4
220,31-08-2015,03:39 AM,03:39:00,0,28.1,8.1,2.4
221,31-08-2015,03:40 AM,03:40:00,0,28.1,8.1,1
222,31-08-2015,03:41 AM,03:41:00,0,28.1,7.2,1
223,31-08-2015,03:42 AM,03:42:00,0,28.1,7.2,1
224,31-08-2015,03:43 AM,03:43:00,0,28,6.48,1
225,31-08-2015,03:44 AM,03:44:00,0,28,8.1,1
226,31-08-2015,03:45 AM,03:45:00,0,28,8.1,1
227,31-08-2015,03:46 AM,03:46:00,0,28,8.82,1
228,31-08-2015,03:47 AM,03:47:00,0,27.9,4.86,1
229,31-08-2015,03:48 AM,03:48:00,0,27.9,5.58,1
230,31-08-2015,03:49 AM,03:49:00,0,27.9,7.2,1
231,31-08-2015,03:50 AM,03:50:00,0,27.9,5.58,1
232,31-08-2015,03:51 AM,03:51:00,0,27.9,6.48,1
233,31-08-2015,03:52 AM,03:52:00,0,27.9,5.58,2.4
234,31-08-2015,03:53 AM,03:53:00,0,27.9,5.58,2.4
235,31-08-2015,03:54 AM,03:54:00,0,27.9,5.58,2.4
236,31-08-2015,03:55 AM,03:55:00,0,27.9,8.1,2.4
237,31-08-2015,03:56 AM,03:56:00,0,27.9,7.2,2.82
238,31-08-2015,03:57 AM,03:57:00,0,27.9,7.2,2.82
239,31-08-2015,03:58 AM,03:58:00,0,27.8,6.48,1.42
240,31-08-2015,03:59 AM,03:59:00,0,27.8,8.1,1.42
241,31-08-2015,04:00 AM,04:00:00,0,27.8,8.82,1.5
242,31-08-2015,04:01 AM,04:01:00,0,27.8,6.48,1.5
243,31-08-2015,04:02 AM,04:02:00,0,27.8,7.2,1.5
244,31-08-2015,04:03 AM,04:03:00,0,27.8,8.82,1.5
245,31-08-2015,04:04 AM,04:04:00,0,27.8,5.58,1.5
246,31-08-2015,04:05 AM,04:05:00,0,27.8,3.24,1.5
247,31-08-2015,04:06 AM,04:06:00,0,27.8,3.24,1.5
248,31-08-2015,04:07 AM,04:07:00,0,27.8,3.96,1.5
249,31-08-2015,04:08 AM,04:08:00,0,27.8,9.72,1.5
250,31-08-2015,04:09 AM,04:09:00,0,27.8,4.86,1.5
251,31-08-2015,04:10 AM,04:10:00,0,27.8,5.58,2.9
252,31-08-2015,04:11 AM,04:11:00,0,27.8,7.2,2.9
253,31-08-2015,04:12 AM,04:12:00,0,27.8,8.1,2.9
254,31-08-2015,04:13 AM,04:13:00,0,27.8,7.2,2.9
255,31-08-2015,04:14 AM,04:14:00,0,27.8,8.1,2.9
256,31-08-2015,04:15 AM,04:15:00,0,27.8,8.1,2.9
257,31-08-2015,04:16 AM,04:16:00,0,27.8,8.1,1.5
258,31-08-2015,04:17 AM,04:17:00,0,27.8,5.58,1.5
259,31-08-2015,04:18 AM,04:18:00,0,27.8,9.72,1.5
260,31-08-2015,04:19 AM,04:19:00,0,27.8,3.24,1.5
261,31-08-2015,04:20 AM,04:20:00,0,27.8,8.82,1.92
262,31-08-2015,04:21 AM,04:21:00,0,27.8,8.1,1.92
263,31-08-2015,04:22 AM,04:22:00,0,27.8,4.86,1.92
264,31-08-2015,04:23 AM,04:23:00,0,27.8,4.86,1.92
265,31-08-2015,04:24 AM,04:24:00,0,27.8,4.86,1.5
266,31-08-2015,04:25 AM,04:25:00,0,27.8,6.48,1.5
267,31-08-2015,04:26 AM,04:26:00,0,27.8,5.58,1.5
268,31-08-2015,04:27 AM,04:27:00,0,27.8,8.1,1.5
269,31-08-2015,04:28 AM,04:28:00,0,27.8,5.58,2.9
270,31-08-2015,04:29 AM,04:29:00,0,27.8,7.2,2.9
271,31-08-2015,04:30 AM,04:30:00,0,27.8,6.48,2.9
272,31-08-2015,04:31 AM,04:31:00,0,27.8,5.58,2.9
273,31-08-2015,04:32 AM,04:32:00,0,27.8,6.48,2.9
274,31-08-2015,04:33 AM,04:33:00,0,27.8,7.2,2.9
275,31-08-2015,04:34 AM,04:34:00,0,27.8,8.1,1.5
276,31-08-2015,04:35 AM,04:35:00,0,27.8,8.82,1.5
277,31-08-2015,04:36 AM,04:36:00,0,27.7,7.2,1.5
278,31-08-2015,04:37 AM,04:37:00,0,27.7,7.2,1.5
279,31-08-2015,04:38 AM,04:38:00,0,27.7,6.48,1.5
280,31-08-2015,04:39 AM,04:39:00,0,27.7,7.2,1.5
281,31-08-2015,04:40 AM,04:40:00,0,27.7,6.48,1.5
282,31-08-2015,04:41 AM,04:41:00,0,27.7,5.58,1.5
283,31-08-2015,04:42 AM,04:42:00,0,27.7,4.86,1.5
284,31-08-2015,04:43 AM,04:43:00,0,27.7,7.2,1.5
285,31-08-2015,04:44 AM,04:44:00,0,27.7,6.48,1.92
286,31-08-2015,04:45 AM,04:45:00,0,27.7,4.86,1.92
287,31-08-2015,04:46 AM,04:46:00,0,27.7,5.58,3.32
288,31-08-2015,04:47 AM,04:47:00,0,27.6,5.58,3.32
289,31-08-2015,04:48 AM,04:48:00,0,27.6,6.48,2.9
290,31-08-2015,04:49 AM,04:49:00,0,27.6,6.48,2.9
291,31-08-2015,04:50 AM,04:50:00,0,27.6,7.2,2.9
292,31-08-2015,04:51 AM,04:51:00,0,27.6,7.2,2.9
293,31-08-2015,04:52 AM,04:52:00,0,27.6,8.1,1.5
294,31-08-2015,04:53 AM,04:53:00,0,27.6,6.48,1.5
295,31-08-2015,04:54 AM,04:54:00,0,27.6,9.72,1.5
296,31-08-2015,04:55 AM,04:55:00,0,27.6,8.1,1.5
297,31-08-2015,04:56 AM,04:56:00,0,27.6,6.48,1.5
298,31-08-2015,04:57 AM,04:57:00,0,27.6,5.58,1.5
299,31-08-2015,04:58 AM,04:58:00,0,27.6,6.48,1.5
300,31-08-2015,04:59 AM,04:59:00,0,27.6,8.1,1.5
301,31-08-2015,05:00 AM,05:00:00,0,27.6,8.1,4.8
302,31-08-2015,05:01 AM,05:01:00,0,27.6,8.82,4.8
303,31-08-2015,05:02 AM,05:02:00,0,27.6,6.48,4.8
304,31-08-2015,05:03 AM,05:03:00,0,27.6,7.2,4.8
305,31-08-2015,05:04 AM,05:04:00,0,27.6,6.48,4.8
306,31-08-2015,05:05 AM,05:05:00,0,27.6,8.1,4.8
307,31-08-2015,05:06 AM,05:06:00,0,27.6,8.1,4.8
308,31-08-2015,05:07 AM,05:07:00,0,27.6,5.58,4.8
309,31-08-2015,05:08 AM,05:08:00,0,27.6,5.58,4.8
310,31-08-2015,05:09 AM,05:09:00,0,27.6,8.82,4.8
311,31-08-2015,05:10 AM,05:10:00,0,27.6,6.48,4.8
312,31-08-2015,05:11 AM,05:11:00,0,27.6,8.1,4.8
313,31-08-2015,05:12 AM,05:12:00,0,27.6,6.48,2.32
314,31-08-2015,05:13 AM,05:13:00,0,27.6,6.48,2.32
315,31-08-2015,05:14 AM,05:14:00,0,27.6,6.48,4.8
316,31-08-2015,05:15 AM,05:15:00,0,27.6,7.2,1.9
317,31-08-2015,05:16 AM,05:16:00,0,27.6,6.48,4.8
318,31-08-2015,05:17 AM,05:17:00,0,27.5,7.2,1.9
319,31-08-2015,05:18 AM,05:18:00,0,27.5,5.58,1.9
320,31-08-2015,05:19 AM,05:19:00,0,27.5,8.1,4.8
321,31-08-2015,05:20 AM,05:20:00,0,27.5,8.82,2.32
322,31-08-2015,05:21 AM,05:21:00,0,27.5,12.06,4.8
323,31-08-2015,05:22 AM,05:22:00,0,27.5,8.82,1.9
324,31-08-2015,05:23 AM,05:23:00,0,27.4,8.1,1.9
325,31-08-2015,05:24 AM,05:24:00,0,27.4,8.1,4.8
326,31-08-2015,05:25 AM,05:25:00,0,27.4,10.44,1.9
327,31-08-2015,05:26 AM,05:26:00,0,27.4,9.72,4.8
328,31-08-2015,05:27 AM,05:27:00,0,27.4,8.82,2.32
329,31-08-2015,05:28 AM,05:28:00,0,27.4,11.34,2.32
330,31-08-2015,05:29 AM,05:29:00,0,27.4,10.44,4.8
331,31-08-2015,05:30 AM,05:30:00,0,27.4,8.1,1.9
332,31-08-2015,05:31 AM,05:31:00,0,27.4,8.1,4.8
333,31-08-2015,05:32 AM,05:32:00,0,27.4,9.72,1.9
334,31-08-2015,05:33 AM,05:33:00,0,27.4,7.2,1.9
335,31-08-2015,05:34 AM,05:34:00,0,27.4,8.1,4.8
336,31-08-2015,05:35 AM,05:35:00,0,27.4,8.1,1.9
337,31-08-2015,05:36 AM,05:36:00,0,27.4,9.72,4.8
338,31-08-2015,05:37 AM,05:37:00,0,27.4,9.72,1.9
339,31-08-2015,05:38 AM,05:38:00,0,27.4,10.44,2.32
340,31-08-2015,05:39 AM,05:39:00,0,27.4,9.72,4.8
341,31-08-2015,05:40 AM,05:40:00,0,27.4,8.1,1.9
342,31-08-2015,05:41 AM,05:41:00,0,27.3,10.44,4.8
343,31-08-2015,05:42 AM,05:42:00,0,27.3,11.34,1.9
344,31-08-2015,05:43 AM,05:43:00,0,27.3,8.1,1.9
345,31-08-2015,05:44 AM,05:44:00,0,27.3,11.34,4.8
346,31-08-2015,05:45 AM,05:45:00,0,27.3,8.1,2.32
347,31-08-2015,05:46 AM,05:46:00,0,27.3,8.82,4.8
348,31-08-2015,05:47 AM,05:47:00,0,27.3,8.82,1.9
349,31-08-2015,05:48 AM,05:48:00,0,27.3,8.82,1.9
350,31-08-2015,05:49 AM,05:49:00,0,27.3,8.1,4.8
351,31-08-2015,05:50 AM,05:50:00,0,27.3,7.2,2.32
352,31-08-2015,05:51 AM,05:51:00,0,27.3,8.1,4.8
353,31-08-2015,05:52 AM,05:52:00,0,27.3,7.2,1.9
354,31-08-2015,05:53 AM,05:53:00,0,27.3,9.72,1.9
355,31-08-2015,05:54 AM,05:54:00,0,27.3,8.82,4.8
356,31-08-2015,05:55 AM,05:55:00,0,27.3,11.34,1.9
357,31-08-2015,05:56 AM,05:56:00,0,27.3,6.48,4.8
358,31-08-2015,05:57 AM,05:57:00,0,27.4,4.86,2.32
359,31-08-2015,05:58 AM,05:58:00,0,27.4,9.72,2.32
360,31-08-2015,05:59 AM,05:59:00,0,27.4,5.58,4.8
361,31-08-2015,06:00 AM,06:00:00,0,27.4,7.2,2.15
362,31-08-2015,06:01 AM,06:01:00,0,27.4,7.2,5.05
363,31-08-2015,06:02 AM,06:02:00,0,27.4,5.58,2.15
364,31-08-2015,06:03 AM,06:03:00,0,27.4,6.48,2.15
365,31-08-2015,06:04 AM,06:04:00,0,27.4,7.2,5.05
366,31-08-2015,06:05 AM,06:05:00,0,27.4,7.2,2.15
367,31-08-2015,06:06 AM,06:06:00,0,27.4,7.2,5.05
368,31-08-2015,06:07 AM,06:07:00,0,27.4,7.2,2.15
369,31-08-2015,06:08 AM,06:08:00,0,27.4,4.86,2.57
370,31-08-2015,06:09 AM,06:09:00,0,27.4,5.58,5.05
371,31-08-2015,06:10 AM,06:10:00,0,27.4,8.1,2.15
372,31-08-2015,06:11 AM,06:11:00,0,27.4,7.2,5.05
373,31-08-2015,06:12 AM,06:12:00,0,27.4,8.82,2.15
374,31-08-2015,06:13 AM,06:13:00,0,27.4,8.1,2.15
375,31-08-2015,06:14 AM,06:14:00,5,27.4,5.58,5.05
376,31-08-2015,06:15 AM,06:15:00,5,27.4,9.72,2.57
377,31-08-2015,06:16 AM,06:16:00,7,27.4,7.2,5.05
378,31-08-2015,06:17 AM,06:17:00,9,27.4,3.96,2.15
379,31-08-2015,06:18 AM,06:18:00,9,27.4,4.86,2.15
380,31-08-2015,06:19 AM,06:19:00,11,27.4,4.86,5.05
381,31-08-2015,06:20 AM,06:20:00,12,27.4,8.1,2.57
382,31-08-2015,06:21 AM,06:21:00,14,27.4,5.58,5.05
383,31-08-2015,06:22 AM,06:22:00,16,27.4,4.86,2.15
384,31-08-2015,06:23 AM,06:23:00,18,27.4,3.96,2.15
385,31-08-2015,06:24 AM,06:24:00,19,27.4,8.1,5.05
386,31-08-2015,06:25 AM,06:25:00,21,27.4,12.06,2.15
387,31-08-2015,06:26 AM,06:26:00,23,27.4,8.82,5.05
388,31-08-2015,06:27 AM,06:27:00,25,27.4,8.1,2.57
389,31-08-2015,06:28 AM,06:28:00,26,27.4,6.48,2.57
390,31-08-2015,06:29 AM,06:29:00,28,27.4,8.82,5.05
391,31-08-2015,06:30 AM,06:30:00,30,27.4,4.86,2.15
392,31-08-2015,06:31 AM,06:31:00,32,27.4,6.48,5.05
393,31-08-2015,06:32 AM,06:32:00,33,27.4,8.1,2.15
394,31-08-2015,06:33 AM,06:33:00,35,27.4,5.58,2.15
395,31-08-2015,06:34 AM,06:34:00,39,27.4,3.96,5.05
396,31-08-2015,06:35 AM,06:35:00,40,27.4,8.82,2.15
397,31-08-2015,06:36 AM,06:36:00,42,27.4,6.48,5.05
398,31-08-2015,06:37 AM,06:37:00,44,27.4,6.48,2.15
399,31-08-2015,06:38 AM,06:38:00,46,27.5,8.82,2.57
400,31-08-2015,06:39 AM,06:39:00,51,27.5,8.82,5.05
401,31-08-2015,06:40 AM,06:40:00,53,27.5,8.1,2.15
402,31-08-2015,06:41 AM,06:41:00,54,27.5,4.86,5.05
403,31-08-2015,06:42 AM,06:42:00,56,27.5,10.44,2.15
404,31-08-2015,06:43 AM,06:43:00,58,27.5,9.72,2.15
405,31-08-2015,06:44 AM,06:44:00,60,27.4,10.44,5.05
406,31-08-2015,06:45 AM,06:45:00,63,27.5,9.72,2.57
407,31-08-2015,06:46 AM,06:46:00,65,27.4,8.1,5.05
408,31-08-2015,06:47 AM,06:47:00,69,27.4,8.1,2.15
409,31-08-2015,06:48 AM,06:48:00,70,27.4,8.82,2.15
410,31-08-2015,06:49 AM,06:49:00,72,27.4,12.06,5.05
411,31-08-2015,06:50 AM,06:50:00,76,27.4,6.48,2.57
412,31-08-2015,06:51 AM,06:51:00,81,27.4,8.1,5.05
413,31-08-2015,06:52 AM,06:52:00,83,27.5,9.72,2.15
414,31-08-2015,06:53 AM,06:53:00,86,27.5,6.48,2.15
415,31-08-2015,06:54 AM,06:54:00,88,27.5,8.1,5.05
416,31-08-2015,06:55 AM,06:55:00,91,27.5,9.72,2.15
417,31-08-2015,06:56 AM,06:56:00,93,27.5,8.1,5.05
418,31-08-2015,06:57 AM,06:57:00,100,27.5,7.2,2.57
419,31-08-2015,06:58 AM,06:58:00,104,27.5,9.72,2.57
420,31-08-2015,06:59 AM,06:59:00,107,27.5,12.96,5.05
421,31-08-2015,07:00 AM,07:00:00,111,27.5,6.48,1.73
422,31-08-2015,07:01 AM,07:01:00,113,27.5,11.34,4.63
423,31-08-2015,07:02 AM,07:02:00,116,27.5,9.72,1.73
424,31-08-2015,07:03 AM,07:03:00,123,27.5,12.06,1.73
425,31-08-2015,07:04 AM,07:04:00,127,27.5,9.72,4.63
426,31-08-2015,07:05 AM,07:05:00,130,27.5,11.34,1.73
427,31-08-2015,07:06 AM,07:06:00,134,27.5,11.34,4.63
428,31-08-2015,07:07 AM,07:07:00,137,27.5,5.58,1.73
429,31-08-2015,07:08 AM,07:08:00,141,27.5,7.2,2.15
430,31-08-2015,07:09 AM,07:09:00,148,27.6,6.48,4.63
431,31-08-2015,07:10 AM,07:10:00,151,27.6,10.44,1.73
432,31-08-2015,07:11 AM,07:11:00,155,27.6,8.82,4.63
433,31-08-2015,07:12 AM,07:12:00,160,27.6,8.1,1.73
434,31-08-2015,07:13 AM,07:13:00,163,27.6,10.44,1.73
435,31-08-2015,07:14 AM,07:14:00,167,27.6,4.86,4.63
436,31-08-2015,07:15 AM,07:15:00,174,27.6,8.1,2.15
437,31-08-2015,07:16 AM,07:16:00,178,27.7,10.44,4.63
438,31-08-2015,07:17 AM,07:17:00,181,27.7,5.58,1.73
439,31-08-2015,07:18 AM,07:18:00,185,27.7,6.48,1.73
440,31-08-2015,07:19 AM,07:19:00,190,27.7,5.58,4.63
441,31-08-2015,07:20 AM,07:20:00,195,27.7,6.48,2.15
442,31-08-2015,07:21 AM,07:21:00,199,27.8,10.44,4.63
443,31-08-2015,07:22 AM,07:22:00,202,27.8,9.72,1.73
444,31-08-2015,07:23 AM,07:23:00,206,27.8,11.34,1.73
445,31-08-2015,07:24 AM,07:24:00,207,27.8,11.34,4.63
446,31-08-2015,07:25 AM,07:25:00,213,27.8,7.2,1.73
447,31-08-2015,07:26 AM,07:26:00,218,27.8,7.2,4.63
448,31-08-2015,07:27 AM,07:27:00,221,27.8,5.58,2.15
449,31-08-2015,07:28 AM,07:28:00,225,27.8,12.06,2.15
450,31-08-2015,07:29 AM,07:29:00,229,27.8,5.58,4.63
451,31-08-2015,07:30 AM,07:30:00,232,27.9,8.82,1.73
452,31-08-2015,07:31 AM,07:31:00,236,27.9,6.48,4.63
453,31-08-2015,07:32 AM,07:32:00,244,27.9,8.82,1.73
454,31-08-2015,07:33 AM,07:33:00,246,27.9,6.48,1.73
455,31-08-2015,07:34 AM,07:34:00,250,27.9,14.4,4.63
456,31-08-2015,07:35 AM,07:35:00,253,28,14.4,1.73
457,31-08-2015,07:36 AM,07:36:00,257,28,8.82,4.63
458,31-08-2015,07:37 AM,07:37:00,260,28,10.44,1.73
459,31-08-2015,07:38 AM,07:38:00,265,28,8.82,2.15
460,31-08-2015,07:39 AM,07:39:00,271,28,8.82,4.63
461,31-08-2015,07:40 AM,07:40:00,274,28,8.1,1.73
462,31-08-2015,07:41 AM,07:41:00,278,28,9.72,4.63
463,31-08-2015,07:42 AM,07:42:00,279,28.1,10.44,1.73
464,31-08-2015,07:43 AM,07:43:00,281,28.1,7.2,1.73
465,31-08-2015,07:44 AM,07:44:00,287,28.1,12.06,4.63
466,31-08-2015,07:45 AM,07:45:00,295,28.1,8.1,2.15
467,31-08-2015,07:46 AM,07:46:00,299,28.2,8.82,4.63
468,31-08-2015,07:47 AM,07:47:00,302,28.2,6.48,1.73
469,31-08-2015,07:48 AM,07:48:00,304,28.2,9.72,1.73
470,31-08-2015,07:49 AM,07:49:00,309,28.3,8.1,4.63
471,31-08-2015,07:50 AM,07:50:00,316,28.3,9.72,2.15
472,31-08-2015,07:51 AM,07:51:00,320,28.3,6.48,4.63
473,31-08-2015,07:52 AM,07:52:00,325,28.3,8.82,1.73
474,31-08-2015,07:53 AM,07:53:00,327,28.4,8.1,1.73
475,31-08-2015,07:54 AM,07:54:00,332,28.4,11.34,4.63
476,31-08-2015,07:55 AM,07:55:00,336,28.4,7.2,1.73
477,31-08-2015,07:56 AM,07:56:00,341,28.4,7.2,4.63
478,31-08-2015,07:57 AM,07:57:00,345,28.4,7.2,2.15
479,31-08-2015,07:58 AM,07:58:00,348,28.5,4.86,2.15
480,31-08-2015,07:59 AM,07:59:00,350,28.5,4.86,4.63
481,31-08-2015,08:00 AM,08:00:00,353,28.6,3.96,2.68
482,31-08-2015,08:01 AM,08:01:00,360,28.6,8.1,5.58
483,31-08-2015,08:02 AM,08:02:00,364,28.7,7.2,2.68
484,31-08-2015,08:03 AM,08:03:00,367,28.7,12.06,2.68
485,31-08-2015,08:04 AM,08:04:00,371,28.7,5.58,5.58
486,31-08-2015,08:05 AM,08:05:00,376,28.7,7.2,2.68
487,31-08-2015,08:06 AM,08:06:00,378,28.8,5.58,5.58
488,31-08-2015,08:07 AM,08:07:00,385,28.8,6.48,2.68
489,31-08-2015,08:08 AM,08:08:00,388,28.8,6.48,3.1
490,31-08-2015,08:09 AM,08:09:00,390,28.8,12.06,5.58
491,31-08-2015,08:10 AM,08:10:00,394,28.8,8.1,2.68
492,31-08-2015,08:11 AM,08:11:00,397,28.8,8.1,5.58
493,31-08-2015,08:12 AM,08:12:00,401,28.8,9.72,2.68
494,31-08-2015,08:13 AM,08:13:00,408,28.8,8.1,2.68
495,31-08-2015,08:14 AM,08:14:00,411,28.9,8.1,5.58
496,31-08-2015,08:15 AM,08:15:00,415,28.9,8.1,3.1
497,31-08-2015,08:16 AM,08:16:00,418,28.9,10.44,5.58
498,31-08-2015,08:17 AM,08:17:00,420,28.9,8.1,2.68
499,31-08-2015,08:18 AM,08:18:00,424,28.9,7.2,2.68
500,31-08-2015,08:19 AM,08:19:00,429,28.9,8.82,5.58
501,31-08-2015,08:20 AM,08:20:00,431,28.9,8.82,3.1
502,31-08-2015,08:21 AM,08:21:00,434,28.9,6.48,5.58
503,31-08-2015,08:22 AM,08:22:00,438,29,7.2,2.68
504,31-08-2015,08:23 AM,08:23:00,441,29.1,6.48,2.68
505,31-08-2015,08:24 AM,08:24:00,445,29.1,8.82,5.58
506,31-08-2015,08:25 AM,08:25:00,454,29.2,7.2,2.68
507,31-08-2015,08:26 AM,08:26:00,457,29.2,8.82,5.58
508,31-08-2015,08:27 AM,08:27:00,461,29.2,7.2,3.1
509,31-08-2015,08:28 AM,08:28:00,462,29.3,4.86,3.1
510,31-08-2015,08:29 AM,08:29:00,466,29.3,9.72,5.58
511,31-08-2015,08:30 AM,08:30:00,468,29.3,12.96,2.68
512,31-08-2015,08:31 AM,08:31:00,473,29.3,7.2,5.58
513,31-08-2015,08:32 AM,08:32:00,478,29.3,5.58,2.68
514,31-08-2015,08:33 AM,08:33:00,480,29.3,8.1,2.68
515,31-08-2015,08:34 AM,08:34:00,482,29.4,4.86,5.58
516,31-08-2015,08:35 AM,08:35:00,485,29.4,10.44,2.68
517,31-08-2015,08:36 AM,08:36:00,489,29.4,10.44,5.58
518,31-08-2015,08:37 AM,08:37:00,494,29.4,10.44,2.68
519,31-08-2015,08:38 AM,08:38:00,496,29.4,7.2,3.1
520,31-08-2015,08:39 AM,08:39:00,499,29.4,9.72,5.58
521,31-08-2015,08:40 AM,08:40:00,504,29.4,6.48,2.68
522,31-08-2015,08:41 AM,08:41:00,508,29.4,7.2,5.58
523,31-08-2015,08:42 AM,08:42:00,515,29.4,8.1,2.68
524,31-08-2015,08:43 AM,08:43:00,519,29.5,6.48,2.68
525,31-08-2015,08:44 AM,08:44:00,522,29.6,5.58,5.58
526,31-08-2015,08:45 AM,08:45:00,524,29.6,6.48,2.1
527,31-08-2015,08:46 AM,08:46:00,527,29.6,4.86,4.58
528,31-08-2015,08:47 AM,08:47:00,531,29.7,7.2,1.68
529,31-08-2015,08:48 AM,08:48:00,538,29.7,7.2,1.68
530,31-08-2015,08:49 AM,08:49:00,540,29.8,6.48,4.58
531,31-08-2015,08:50 AM,08:50:00,543,29.8,4.86,2.1
532,31-08-2015,08:51 AM,08:51:00,545,29.8,4.86,4.58
533,31-08-2015,08:52 AM,08:52:00,550,29.9,5.58,1.68
534,31-08-2015,08:53 AM,08:53:00,552,29.9,6.48,1.68
535,31-08-2015,08:54 AM,08:54:00,559,30,8.1,4.58
536,31-08-2015,08:55 AM,08:55:00,563,30,6.48,1.68
537,31-08-2015,08:56 AM,08:56:00,566,30.1,3.96,4.58
538,31-08-2015,08:57 AM,08:57:00,570,30.1,6.48,2.1
539,31-08-2015,08:58 AM,08:58:00,573,30.2,5.58,2.1
540,31-08-2015,08:59 AM,08:59:00,575,30.2,6.48,4.58
541,31-08-2015,09:00 AM,09:00:00,582,30.2,6.48,2.78
542,31-08-2015,09:01 AM,09:01:00,584,30.2,5.58,2.78
543,31-08-2015,09:02 AM,09:02:00,587,30.3,7.2,2.78
544,31-08-2015,09:03 AM,09:03:00,591,30.3,5.58,2.78
545,31-08-2015,09:04 AM,09:04:00,592,30.3,6.48,2.78
546,31-08-2015,09:05 AM,09:05:00,594,30.4,7.2,2.78
547,31-08-2015,09:06 AM,09:06:00,601,30.4,5.58,2.78
548,31-08-2015,09:07 AM,09:07:00,605,30.4,6.48,2.78
549,31-08-2015,09:08 AM,09:08:00,608,30.4,7.2,3.2
550,31-08-2015,09:09 AM,09:09:00,610,30.4,6.48,3.2
551,31-08-2015,09:10 AM,09:10:00,612,30.5,8.82,3.2
552,31-08-2015,09:12 AM,09:12:00,613,30.5,4.86,3.2
553,31-08-2015,09:13 AM,09:13:00,619,30.5,4.86,2.78
554,31-08-2015,09:14 AM,09:14:00,622,30.6,3.24,2.78
555,31-08-2015,09:15 AM,09:15:00,624,30.6,8.1,2.78
556,31-08-2015,09:16 AM,09:16:00,628,30.7,6.48,1.28
557,31-08-2015,09:17 AM,09:17:00,631,30.7,7.2,1.28
558,31-08-2015,09:18 AM,09:18:00,636,30.7,5.58,1.28
559,31-08-2015,09:19 AM,09:19:00,642,30.7,3.96,1.28
560,31-08-2015,09:20 AM,09:20:00,643,30.8,6.48,1.28
561,31-08-2015,09:21 AM,09:21:00,647,30.8,6.48,1.28
562,31-08-2015,09:22 AM,09:22:00,647,30.8,6.48,1.28
563,31-08-2015,09:23 AM,09:23:00,652,30.9,7.2,1.28
564,31-08-2015,09:24 AM,09:24:00,657,30.9,7.2,1.28
565,31-08-2015,09:25 AM,09:25:00,659,30.9,8.82,1.28
566,31-08-2015,09:26 AM,09:26:00,663,31,4.86,1.28
567,31-08-2015,09:27 AM,09:27:00,666,31,3.96,1.28
568,31-08-2015,09:28 AM,09:28:00,670,31.1,3.96,1.28
569,31-08-2015,09:29 AM,09:29:00,671,31.1,4.86,1.28
570,31-08-2015,09:30 AM,09:30:00,677,31.2,5.58,1.28
571,31-08-2015,09:31 AM,09:31:00,679,31.2,5.58,1.28
572,31-08-2015,09:32 AM,09:32:00,680,31.2,11.34,1.28
573,31-08-2015,09:33 AM,09:33:00,682,31.2,11.34,1.7
574,31-08-2015,09:34 AM,09:34:00,686,31.2,9.72,1.7
575,31-08-2015,09:35 AM,09:35:00,687,31.2,14.4,1.7
576,31-08-2015,09:36 AM,09:36:00,693,31.1,11.34,1.7
577,31-08-2015,09:37 AM,09:37:00,694,31,8.82,1.28
578,31-08-2015,09:38 AM,09:38:00,698,30.9,8.82,1.28
579,31-08-2015,09:39 AM,09:39:00,700,30.9,8.82,1.28
580,31-08-2015,09:40 AM,09:40:00,703,30.9,8.82,1.28
581,31-08-2015,09:41 AM,09:41:00,708,30.9,12.06,1.28
582,31-08-2015,09:42 AM,09:42:00,714,31,5.58,1.28
583,31-08-2015,09:43 AM,09:43:00,715,31,6.48,1.28
584,31-08-2015,09:44 AM,09:44:00,719,31.1,9.72,1.28
585,31-08-2015,09:45 AM,09:45:00,721,31.1,12.96,1.28
586,31-08-2015,09:46 AM,09:46:00,722,31.1,10.44,1.78
587,31-08-2015,09:47 AM,09:47:00,722,31.1,12.06,1.78
588,31-08-2015,09:48 AM,09:48:00,729,31,9.72,1.78
589,31-08-2015,09:49 AM,09:49:00,733,30.9,4.86,1.78
590,31-08-2015,09:50 AM,09:50:00,737,31,6.48,1.78
591,31-08-2015,09:51 AM,09:51:00,737,31,8.82,1.78
592,31-08-2015,09:52 AM,09:52:00,738,31.1,5.58,1.78
593,31-08-2015,09:53 AM,09:53:00,738,31.2,3.96,1.78
594,31-08-2015,09:54 AM,09:54:00,745,31.2,8.82,1.78
595,31-08-2015,09:55 AM,09:55:00,747,31.3,8.82,1.78
596,31-08-2015,09:56 AM,09:56:00,751,31.3,11.34,1.78
597,31-08-2015,09:57 AM,09:57:00,756,31.3,9.72,2.2
598,31-08-2015,09:58 AM,09:58:00,756,31.3,8.1,2.2
599,31-08-2015,09:59 AM,09:59:00,758,31.3,9.72,2.2
600,31-08-2015,10:00 AM,10:00:00,761,31.3,10.44,2.2
601,31-08-2015,10:01 AM,10:01:00,761,31.3,4.86,1.68
602,31-08-2015,10:02 AM,10:02:00,759,31.3,7.2,1.68
603,31-08-2015,10:03 AM,10:03:00,759,31.4,4.86,1.68
604,31-08-2015,10:04 AM,10:04:00,758,31.4,5.58,1.68
605,31-08-2015,10:05 AM,10:05:00,775,31.5,10.44,1.68
606,31-08-2015,10:06 AM,10:06:00,780,31.5,12.06,1.68
607,31-08-2015,10:07 AM,10:07:00,782,31.5,10.44,1.68
608,31-08-2015,10:08 AM,10:08:00,784,31.5,8.1,1.68
609,31-08-2015,10:09 AM,10:09:00,788,31.5,6.48,1.68
610,31-08-2015,10:10 AM,10:10:00,793,31.5,6.48,1.68
611,31-08-2015,10:11 AM,10:11:00,791,31.6,9.72,1.68
612,31-08-2015,10:12 AM,10:12:00,780,31.6,8.1,1.68
613,31-08-2015,10:13 AM,10:13:00,788,31.7,4.86,1.68
614,31-08-2015,10:14 AM,10:14:00,779,31.7,5.58,1.68
615,31-08-2015,10:15 AM,10:15:00,775,31.7,8.1,1.68
616,31-08-2015,10:16 AM,10:16:00,786,31.8,8.82,1.68
617,31-08-2015,10:17 AM,10:17:00,793,31.8,6.48,1.68
618,31-08-2015,10:18 AM,10:18:00,802,31.8,7.2,1.68
619,31-08-2015,10:19 AM,10:19:00,798,31.8,6.48,1.68
620,31-08-2015,10:20 AM,10:20:00,812,31.9,10.44,1.68
621,31-08-2015,10:21 AM,10:21:00,814,31.9,10.44,2.1
622,31-08-2015,10:22 AM,10:22:00,819,31.9,8.82,2.1
623,31-08-2015,10:23 AM,10:23:00,821,31.9,11.34,2.1
624,31-08-2015,10:24 AM,10:24:00,821,31.9,9.72,2.1
625,31-08-2015,10:25 AM,10:25:00,826,31.9,8.1,1.68
626,31-08-2015,10:26 AM,10:26:00,828,31.8,8.82,1.68
627,31-08-2015,10:27 AM,10:27:00,816,31.8,8.1,1.68
628,31-08-2015,10:28 AM,10:28:00,817,31.8,8.1,1.68
629,31-08-2015,10:29 AM,10:29:00,831,31.9,7.2,1.68
630,31-08-2015,10:30 AM,10:30:00,809,31.9,4.86,1.68
631,31-08-2015,10:31 AM,10:31:00,833,31.9,5.58,1.68
632,31-08-2015,10:32 AM,10:32:00,816,32,4.86,1.68
633,31-08-2015,10:33 AM,10:33:00,853,32.1,5.58,1.68
634,31-08-2015,10:34 AM,10:34:00,854,32.2,3.96,1.68
635,31-08-2015,10:35 AM,10:35:00,860,32.2,4.86,1.68
636,31-08-2015,10:36 AM,10:36:00,872,32.3,8.82,1.68
637,31-08-2015,10:37 AM,10:37:00,881,32.3,8.1,1.68
638,31-08-2015,10:38 AM,10:38:00,881,32.3,8.1,1.68
639,31-08-2015,10:39 AM,10:39:00,860,32.3,9.72,1.68
640,31-08-2015,10:40 AM,10:40:00,830,32.3,11.34,1.68
641,31-08-2015,10:41 AM,10:41:00,795,32.3,7.2,1.68
642,31-08-2015,10:42 AM,10:42:00,803,32.3,9.72,1.68
643,31-08-2015,10:43 AM,10:43:00,835,32.3,10.44,1.68
644,31-08-2015,10:44 AM,10:44:00,867,32.3,6.48,1.68
645,31-08-2015,10:45 AM,10:45:00,888,32.3,12.06,2.1
646,31-08-2015,10:46 AM,10:46:00,905,32.3,8.82,1.1
647,31-08-2015,10:47 AM,10:47:00,921,32.4,11.34,1.1
648,31-08-2015,10:48 AM,10:48:00,930,32.4,4.86,1.1
649,31-08-2015,10:49 AM,10:49:00,914,32.4,3.96,0.68
650,31-08-2015,10:50 AM,10:50:00,916,32.4,5.58,0.68
651,31-08-2015,10:51 AM,10:51:00,895,32.5,3.96,0.68
652,31-08-2015,10:52 AM,10:52:00,861,32.6,5.58,0.68
653,31-08-2015,10:53 AM,10:53:00,861,32.6,3.96,0.68
654,31-08-2015,10:54 AM,10:54:00,847,32.7,8.1,0.68
655,31-08-2015,10:55 AM,10:55:00,828,32.7,10.44,0.68
656,31-08-2015,10:56 AM,10:56:00,789,32.7,8.1,0.68
657,31-08-2015,10:57 AM,10:57:00,851,32.7,8.82,0.68
658,31-08-2015,10:58 AM,10:58:00,872,32.7,8.1,0.68
659,31-08-2015,10:59 AM,10:59:00,858,32.7,3.96,0.68
660,31-08-2015,11:00 AM,11:00:00,824,32.6,8.82,0.68
661,31-08-2015,11:01 AM,11:01:00,779,32.6,8.1,0.63
662,31-08-2015,11:02 AM,11:02:00,835,32.6,3.96,0.63
663,31-08-2015,11:03 AM,11:03:00,838,32.7,5.58,0.63
664,31-08-2015,11:04 AM,11:04:00,891,32.7,3.24,0.63
665,31-08-2015,11:05 AM,11:05:00,926,32.8,4.86,0.63
666,31-08-2015,11:06 AM,11:06:00,933,32.8,5.58,0.63
667,31-08-2015,11:07 AM,11:07:00,942,32.9,6.48,0.63
668,31-08-2015,11:08 AM,11:08:00,911,32.9,10.44,0.63
669,31-08-2015,11:09 AM,11:09:00,905,33,4.86,1.05
670,31-08-2015,11:10 AM,11:10:00,879,33.1,7.2,1.05
671,31-08-2015,11:11 AM,11:11:00,886,33.1,4.86,1.05
672,31-08-2015,11:12 AM,11:12:00,816,33.1,4.86,1.05
673,31-08-2015,11:13 AM,11:13:00,763,33.2,6.48,0.63
674,31-08-2015,11:14 AM,11:14:00,777,33.2,3.24,0.63
675,31-08-2015,11:15 AM,11:15:00,872,33.2,5.58,0.63
676,31-08-2015,11:16 AM,11:16:00,909,33.3,5.58,0.63
677,31-08-2015,11:17 AM,11:17:00,853,33.3,7.2,0.63
678,31-08-2015,11:18 AM,11:18:00,814,33.3,5.58,0.63
679,31-08-2015,11:19 AM,11:19:00,823,33.3,4.86,0.63
680,31-08-2015,11:20 AM,11:20:00,826,33.3,6.48,0.63
681,31-08-2015,11:21 AM,11:21:00,835,33.3,4.86,0.63
682,31-08-2015,11:22 AM,11:22:00,802,33.3,4.86,0.63
683,31-08-2015,11:23 AM,11:23:00,844,33.3,8.1,0.63
684,31-08-2015,11:24 AM,11:24:00,847,33.3,5.58,0.63
685,31-08-2015,11:25 AM,11:25:00,754,33.3,4.86,0.63
686,31-08-2015,11:26 AM,11:26:00,756,33.3,3.96,0.63
687,31-08-2015,11:27 AM,11:27:00,796,33.4,3.96,0.63
688,31-08-2015,11:28 AM,11:28:00,782,33.4,3.96,0.63
689,31-08-2015,11:29 AM,11:29:00,775,33.4,1.62,0.63
690,31-08-2015,11:30 AM,11:30:00,851,33.4,4.86,0.63
691,31-08-2015,11:31 AM,11:31:00,844,33.4,4.86,0.63
692,31-08-2015,11:32 AM,11:32:00,861,33.5,4.86,0.63
693,31-08-2015,11:33 AM,11:33:00,877,33.6,3.96,1.05
694,31-08-2015,11:34 AM,11:34:00,856,33.6,5.58,1.05
695,31-08-2015,11:35 AM,11:35:00,874,33.6,3.24,1.05
696,31-08-2015,11:36 AM,11:36:00,861,33.6,3.96,1.05
697,31-08-2015,11:37 AM,11:37:00,884,33.7,6.48,0.63
698,31-08-2015,11:38 AM,11:38:00,886,33.7,4.86,0.63
699,31-08-2015,11:39 AM,11:39:00,949,33.7,4.86,0.63
700,31-08-2015,11:40 AM,11:40:00,912,33.8,5.58,0.63
701,31-08-2015,11:41 AM,11:41:00,911,33.8,1.62,0.63
702,31-08-2015,11:42 AM,11:42:00,900,33.8,6.48,0.63
703,31-08-2015,11:43 AM,11:43:00,912,33.8,9.72,0.63
704,31-08-2015,11:44 AM,11:44:00,868,33.9,5.58,0.63
705,31-08-2015,11:45 AM,11:45:00,912,33.9,6.48,0.63
706,31-08-2015,11:46 AM,11:46:00,875,33.9,3.96,0.63
707,31-08-2015,11:47 AM,11:47:00,884,34,4.86,0.63
708,31-08-2015,11:48 AM,11:48:00,863,34.1,5.58,0.63
709,31-08-2015,11:49 AM,11:49:00,846,34.1,8.1,0.63
710,31-08-2015,11:50 AM,11:50:00,814,34.1,4.86,0.63
711,31-08-2015,11:51 AM,11:51:00,842,34.2,5.58,0.63
712,31-08-2015,11:52 AM,11:52:00,856,34.2,3.24,0.63
713,31-08-2015,11:53 AM,11:53:00,833,34.3,5.58,0.63
714,31-08-2015,11:54 AM,11:54:00,860,34.3,7.2,0.63
715,31-08-2015,11:55 AM,11:55:00,831,34.3,4.86,0.63
716,31-08-2015,11:56 AM,11:56:00,821,34.2,6.48,0.63
717,31-08-2015,11:57 AM,11:57:00,833,34.2,4.86,1.05
718,31-08-2015,11:58 AM,11:58:00,872,34.2,4.86,1.05
719,31-08-2015,11:59 AM,11:59:00,870,34.2,4.86,1.05
720,31-08-2015,12:00 PM,12:00:00,914,34.3,3.96,1.05
721,31-08-2015,12:01 PM,12:01:00,898,34.3,3.96,0.73
722,31-08-2015,12:02 PM,12:02:00,898,34.3,5.58,0.73
723,31-08-2015,12:03 PM,12:03:00,935,34.4,10.44,0.73
724,31-08-2015,12:04 PM,12:04:00,939,34.3,7.2,0.73
725,31-08-2015,12:05 PM,12:05:00,962,34.3,8.1,0.73
726,31-08-2015,12:06 PM,12:06:00,956,34.2,8.82,0.73
727,31-08-2015,12:07 PM,12:07:00,928,34.2,7.2,0.73
728,31-08-2015,12:08 PM,12:08:00,979,34.1,4.86,0.73
729,31-08-2015,12:09 PM,12:09:00,962,34.1,4.86,0.73
730,31-08-2015,12:10 PM,12:10:00,956,34.1,6.48,0.73
731,31-08-2015,12:11 PM,12:11:00,962,34.1,4.86,0.73
732,31-08-2015,12:12 PM,12:12:00,963,34.1,3.96,0.73
733,31-08-2015,12:13 PM,12:13:00,949,34.2,5.58,0.73
734,31-08-2015,12:14 PM,12:14:00,949,34.2,7.2,0.73
735,31-08-2015,12:15 PM,12:15:00,974,34.3,10.44,0.73
736,31-08-2015,12:16 PM,12:16:00,940,34.3,6.48,0.73
737,31-08-2015,12:17 PM,12:17:00,949,34.3,4.86,0.73
738,31-08-2015,12:18 PM,12:18:00,942,34.3,3.96,0.73
739,31-08-2015,12:19 PM,12:19:00,944,34.4,4.86,0.73
740,31-08-2015,12:20 PM,12:20:00,933,34.4,3.96,0.73
741,31-08-2015,12:21 PM,12:21:00,935,34.5,3.96,1.15
742,31-08-2015,12:22 PM,12:22:00,937,34.6,3.24,1.15
743,31-08-2015,12:23 PM,12:23:00,940,34.6,4.86,1.15
744,31-08-2015,12:24 PM,12:24:00,954,34.7,3.24,1.15
745,31-08-2015,12:25 PM,12:25:00,949,34.7,5.58,0.73
746,31-08-2015,12:26 PM,12:26:00,965,34.8,7.2,0.73
747,31-08-2015,12:27 PM,12:27:00,962,34.8,6.48,0.73
748,31-08-2015,12:28 PM,12:28:00,963,34.8,6.48,0.73
749,31-08-2015,12:29 PM,12:29:00,939,34.8,3.96,0.73
750,31-08-2015,12:30 PM,12:30:00,933,34.8,8.82,0.73
751,31-08-2015,12:31 PM,12:31:00,909,34.8,5.58,0.73
752,31-08-2015,12:32 PM,12:32:00,882,34.8,3.24,0.73
753,31-08-2015,12:33 PM,12:33:00,898,34.9,7.2,0.73
754,31-08-2015,12:34 PM,12:34:00,907,34.8,7.2,0.73
755,31-08-2015,12:35 PM,12:35:00,935,34.8,4.86,0.73
756,31-08-2015,12:36 PM,12:36:00,944,34.8,8.1,0.73
757,31-08-2015,12:37 PM,12:37:00,928,34.8,8.1,0.73
758,31-08-2015,12:38 PM,12:38:00,933,34.8,3.96,0.73
759,31-08-2015,12:39 PM,12:39:00,940,34.8,6.48,0.73
760,31-08-2015,12:40 PM,12:40:00,946,34.9,7.2,0.73
761,31-08-2015,12:41 PM,12:41:00,939,34.9,4.86,0.73
762,31-08-2015,12:42 PM,12:42:00,946,34.9,3.96,0.73
763,31-08-2015,12:43 PM,12:43:00,947,35,5.58,0.73
764,31-08-2015,12:44 PM,12:44:00,942,35.1,5.58,0.73
765,31-08-2015,12:45 PM,12:45:00,944,35.1,4.86,1.15
766,31-08-2015,12:46 PM,12:46:00,949,35.1,4.86,1.15
767,31-08-2015,12:47 PM,12:47:00,946,35.2,3.24,1.15
768,31-08-2015,12:48 PM,12:48:00,947,35.2,7.2,1.15
769,31-08-2015,12:49 PM,12:49:00,954,35.2,8.1,0.73
770,31-08-2015,12:50 PM,12:50:00,962,35.2,7.2,0.73
771,31-08-2015,12:51 PM,12:51:00,956,35.2,4.86,0.73
772,31-08-2015,12:52 PM,12:52:00,953,35.1,7.2,0.73
773,31-08-2015,12:53 PM,12:53:00,953,35.1,4.86,0.73
774,31-08-2015,12:54 PM,12:54:00,956,35.1,4.86,0.73
775,31-08-2015,12:55 PM,12:55:00,963,35.1,4.86,0.73
776,31-08-2015,12:56 PM,12:56:00,969,35.1,4.86,0.73
777,31-08-2015,12:57 PM,12:57:00,972,35.2,8.82,0.73
778,31-08-2015,12:58 PM,12:58:00,969,35.1,5.58,0.73
779,31-08-2015,12:59 PM,12:59:00,960,35.1,5.58,0.73
780,31-08-2015,01:00 PM,13:00:00,954,35.1,4.86,0.73
781,31-08-2015,01:01 PM,13:01:00,962,35.1,4.86,0.48
782,31-08-2015,01:02 PM,13:02:00,909,35.1,5.58,0.48
783,31-08-2015,01:03 PM,13:03:00,868,35.2,8.1,0.48
784,31-08-2015,01:04 PM,13:04:00,840,35.2,5.58,0.48
785,31-08-2015,01:05 PM,13:05:00,888,35.2,5.58,0.48
786,31-08-2015,01:06 PM,13:06:00,893,35.2,3.96,0.48
787,31-08-2015,01:07 PM,13:07:00,861,35.2,2.34,0.48
788,31-08-2015,01:08 PM,13:08:00,856,35.2,3.96,0.48
789,31-08-2015,01:09 PM,13:09:00,844,35.2,3.96,0.9
790,31-08-2015,01:10 PM,13:10:00,858,35.3,3.96,0.9
791,31-08-2015,01:11 PM,13:11:00,854,35.3,6.48,0.9
792,31-08-2015,01:12 PM,13:12:00,823,35.4,5.58,0.9
793,31-08-2015,01:13 PM,13:13:00,863,35.4,5.58,0.48
794,31-08-2015,01:14 PM,13:14:00,851,35.4,5.58,0.48
795,31-08-2015,01:15 PM,13:15:00,861,35.5,3.96,0.48
796,31-08-2015,01:16 PM,13:16:00,851,35.5,3.96,0.48
797,31-08-2015,01:17 PM,13:17:00,867,35.4,3.96,0.48
798,31-08-2015,01:18 PM,13:18:00,865,35.4,3.96,0.48
799,31-08-2015,01:19 PM,13:19:00,886,35.4,1.62,0.48
800,31-08-2015,01:20 PM,13:20:00,867,35.5,8.1,0.48
801,31-08-2015,01:21 PM,13:21:00,888,35.5,8.1,0.48
802,31-08-2015,01:22 PM,13:22:00,875,35.4,7.2,0.48
803,31-08-2015,01:23 PM,13:23:00,937,35.4,5.58,0.48
804,31-08-2015,01:24 PM,13:24:00,933,35.4,8.1,0.48
805,31-08-2015,01:25 PM,13:25:00,886,35.5,6.48,0.48
806,31-08-2015,01:26 PM,13:26:00,895,35.5,9.72,0.48
807,31-08-2015,01:27 PM,13:27:00,877,35.4,4.86,0.48
808,31-08-2015,01:28 PM,13:28:00,849,35.4,2.34,0.48
809,31-08-2015,01:29 PM,13:29:00,842,35.4,5.58,0.48
810,31-08-2015,01:30 PM,13:30:00,844,35.4,5.58,0.48
811,31-08-2015,01:31 PM,13:31:00,798,35.4,4.86,0.48
812,31-08-2015,01:32 PM,13:32:00,830,35.4,3.96,0.48
813,31-08-2015,01:33 PM,13:33:00,826,35.4,3.24,0.9
814,31-08-2015,01:34 PM,13:34:00,816,35.5,5.58,0.9
815,31-08-2015,01:35 PM,13:35:00,775,35.6,8.82,0.9
816,31-08-2015,01:36 PM,13:36:00,796,35.6,8.1,0.9
817,31-08-2015,01:37 PM,13:37:00,777,35.6,5.58,0.48
818,31-08-2015,01:38 PM,13:38:00,735,35.6,4.86,0.48
819,31-08-2015,01:39 PM,13:39:00,729,35.6,7.2,0.48
820,31-08-2015,01:40 PM,13:40:00,738,35.6,5.58,0.48
821,31-08-2015,01:41 PM,13:41:00,779,35.6,4.86,0.48
822,31-08-2015,01:42 PM,13:42:00,803,35.6,3.96,0.48
823,31-08-2015,01:43 PM,13:43:00,805,35.6,4.86,0.48
824,31-08-2015,01:44 PM,13:44:00,763,35.6,2.34,0.48
825,31-08-2015,01:45 PM,13:45:00,763,35.6,4.86,0.48
826,31-08-2015,01:46 PM,13:46:00,796,35.6,5.58,3.98
827,31-08-2015,01:47 PM,13:47:00,795,35.6,7.2,3.98
828,31-08-2015,01:48 PM,13:48:00,833,35.6,10.44,3.98
829,31-08-2015,01:49 PM,13:49:00,833,35.6,7.2,3.98
830,31-08-2015,01:50 PM,13:50:00,826,35.6,6.48,3.98
831,31-08-2015,01:51 PM,13:51:00,833,35.5,4.86,3.98
832,31-08-2015,01:52 PM,13:52:00,856,35.4,4.86,3.98
833,31-08-2015,01:53 PM,13:53:00,858,35.4,5.58,3.98
834,31-08-2015,01:54 PM,13:54:00,851,35.4,4.86,3.98
835,31-08-2015,01:55 PM,13:55:00,858,35.3,3.96,3.98
836,31-08-2015,01:56 PM,13:56:00,847,35.3,4.86,3.98
837,31-08-2015,01:57 PM,13:57:00,851,35.3,4.86,4.4
838,31-08-2015,01:58 PM,13:58:00,854,35.3,3.24,4.4
839,31-08-2015,01:59 PM,13:59:00,849,35.3,3.24,4.4
840,31-08-2015,02:00 PM,14:00:00,846,35.3,6.48,4.4
841,31-08-2015,02:01 PM,14:01:00,837,35.4,8.1,1.98
842,31-08-2015,02:02 PM,14:02:00,833,35.5,6.48,1.98
843,31-08-2015,02:03 PM,14:03:00,854,35.6,8.82,1.98
844,31-08-2015,02:04 PM,14:04:00,863,35.6,5.58,1.98
845,31-08-2015,02:05 PM,14:05:00,867,35.7,3.24,1.98
846,31-08-2015,02:06 PM,14:06:00,851,35.7,8.82,1.98
847,31-08-2015,02:07 PM,14:07:00,823,35.8,8.82,1.98
848,31-08-2015,02:08 PM,14:08:00,807,35.8,6.48,1.98
849,31-08-2015,02:09 PM,14:09:00,809,35.7,4.86,1.98
850,31-08-2015,02:10 PM,14:10:00,807,35.6,4.86,1.98
851,31-08-2015,02:11 PM,14:11:00,789,35.5,1.62,1.98
852,31-08-2015,02:12 PM,14:12:00,809,35.5,3.24,1.98
853,31-08-2015,02:13 PM,14:13:00,805,35.6,1.62,1.98
854,31-08-2015,02:14 PM,14:14:00,819,35.7,3.24,1.98
855,31-08-2015,02:15 PM,14:15:00,842,35.7,3.96,1.98
856,31-08-2015,02:16 PM,14:16:00,856,35.8,3.96,1.98
857,31-08-2015,02:17 PM,14:17:00,867,35.8,7.2,1.98
858,31-08-2015,02:18 PM,14:18:00,877,35.8,8.1,1.98
859,31-08-2015,02:19 PM,14:19:00,877,35.8,6.48,1.98
860,31-08-2015,02:20 PM,14:20:00,877,35.8,5.58,1.98
861,31-08-2015,02:21 PM,14:21:00,457,35.8,7.2,2.4
862,31-08-2015,02:22 PM,14:22:00,527,35.8,3.96,2.4
863,31-08-2015,02:23 PM,14:23:00,770,35.8,5.58,2.4
864,31-08-2015,02:24 PM,14:24:00,770,35.8,8.1,2.4
865,31-08-2015,02:25 PM,14:25:00,847,35.8,8.1,1.98
866,31-08-2015,02:26 PM,14:26:00,847,35.8,4.86,1.98
867,31-08-2015,02:27 PM,14:27:00,847,35.7,8.1,1.98
868,31-08-2015,02:28 PM,14:28:00,914,35.7,7.2,1.98
869,31-08-2015,02:29 PM,14:29:00,925,35.7,6.48,1.98
870,31-08-2015,02:30 PM,14:30:00,921,35.7,6.48,1.98
871,31-08-2015,02:31 PM,14:31:00,921,35.6,6.48,1.98
872,31-08-2015,02:32 PM,14:32:00,445,35.6,5.58,1.98
873,31-08-2015,02:33 PM,14:33:00,445,35.4,4.86,1.98
874,31-08-2015,02:34 PM,14:34:00,605,35.4,4.86,1.98
875,31-08-2015,02:35 PM,14:35:00,563,35.3,3.96,1.98
876,31-08-2015,02:36 PM,14:36:00,563,35.3,3.24,1.98
877,31-08-2015,02:37 PM,14:37:00,810,35.3,2.34,1.98
878,31-08-2015,02:38 PM,14:38:00,791,35.3,4.86,1.98
879,31-08-2015,02:39 PM,14:39:00,772,35.3,3.24,1.98
880,31-08-2015,02:40 PM,14:40:00,768,35.4,3.24,1.98
881,31-08-2015,02:41 PM,14:41:00,763,35.5,2.34,1.98
882,31-08-2015,02:42 PM,14:42:00,754,35.6,6.48,1.98
883,31-08-2015,02:43 PM,14:43:00,745,35.7,5.58,1.98
884,31-08-2015,02:44 PM,14:44:00,744,35.8,4.86,1.98
885,31-08-2015,02:45 PM,14:45:00,737,35.8,2.34,2.4
886,31-08-2015,02:46 PM,14:46:00,738,35.9,1.62,0.9
887,31-08-2015,02:47 PM,14:47:00,731,36,0.72,0.9
888,31-08-2015,02:48 PM,14:48:00,737,36.1,2.34,0.9
889,31-08-2015,02:49 PM,14:49:00,735,36.2,2.34,0.48
890,31-08-2015,02:50 PM,14:50:00,728,36.2,1.62,0.48
891,31-08-2015,02:51 PM,14:51:00,714,36.3,4.86,0.48
892,31-08-2015,02:52 PM,14:52:00,682,36.3,4.86,0.48
893,31-08-2015,02:53 PM,14:53:00,694,36.3,5.58,0.48
894,31-08-2015,02:54 PM,14:54:00,698,36.3,3.24,0.48
895,31-08-2015,02:55 PM,14:55:00,694,36.3,3.96,0.48
896,31-08-2015,02:56 PM,14:56:00,691,36.3,5.58,0.48
897,31-08-2015,02:57 PM,14:57:00,696,36.3,3.96,0.48
898,31-08-2015,02:58 PM,14:58:00,700,36.4,3.96,0.48
899,31-08-2015,02:59 PM,14:59:00,687,36.4,5.58,0.48
900,31-08-2015,03:00 PM,15:00:00,687,36.4,4.86,0.48
901,31-08-2015,03:01 PM,15:01:00,686,36.4,3.24,2.68
902,31-08-2015,03:02 PM,15:02:00,682,36.4,4.86,2.68
903,31-08-2015,03:03 PM,15:03:00,682,36.4,3.24,2.68
904,31-08-2015,03:04 PM,15:04:00,684,36.4,0.72,2.68
905,31-08-2015,03:05 PM,15:05:00,675,36.4,1.62,2.68
906,31-08-2015,03:06 PM,15:06:00,671,36.4,3.96,2.68
907,31-08-2015,03:07 PM,15:07:00,668,36.4,8.1,2.68
908,31-08-2015,03:08 PM,15:08:00,664,36.5,7.2,2.68
909,31-08-2015,03:09 PM,15:09:00,663,36.4,4.86,3.1
910,31-08-2015,03:10 PM,15:10:00,664,36.4,4.86,3.1
911,31-08-2015,03:11 PM,15:11:00,664,36.3,3.24,3.1
912,31-08-2015,03:12 PM,15:12:00,659,36.2,4.86,3.1
913,31-08-2015,03:13 PM,15:13:00,654,36.2,4.86,2.68
914,31-08-2015,03:14 PM,15:14:00,652,36.2,3.96,2.68
915,31-08-2015,03:15 PM,15:15:00,645,36.2,4.86,2.68
916,31-08-2015,03:16 PM,15:16:00,645,36.2,3.24,2.68
917,31-08-2015,03:17 PM,15:17:00,640,36.1,3.24,2.68
918,31-08-2015,03:18 PM,15:18:00,638,36.2,6.48,2.68
919,31-08-2015,03:19 PM,15:19:00,635,36.2,5.58,2.68
920,31-08-2015,03:20 PM,15:20:00,631,36.2,4.86,2.68
921,31-08-2015,03:21 PM,15:21:00,628,36.2,8.82,2.68
922,31-08-2015,03:22 PM,15:22:00,624,36.3,4.86,2.68
923,31-08-2015,03:23 PM,15:23:00,617,36.3,3.24,2.68
924,31-08-2015,03:24 PM,15:24:00,610,36.4,4.86,2.68
925,31-08-2015,03:25 PM,15:25:00,601,36.5,3.96,2.68
926,31-08-2015,03:26 PM,15:26:00,594,36.6,2.34,2.68
927,31-08-2015,03:27 PM,15:27:00,589,36.6,3.24,2.68
928,31-08-2015,03:28 PM,15:28:00,589,36.7,2.34,2.68
929,31-08-2015,03:29 PM,15:29:00,584,36.8,0.72,2.68
930,31-08-2015,03:30 PM,15:30:00,584,36.8,3.24,2.68
931,31-08-2015,03:31 PM,15:31:00,580,36.9,3.96,2.68
932,31-08-2015,03:32 PM,15:32:00,573,36.9,3.24,2.68
933,31-08-2015,03:33 PM,15:33:00,578,36.9,3.24,3.1
934,31-08-2015,03:34 PM,15:34:00,585,36.9,4.86,3.1
935,31-08-2015,03:35 PM,15:35:00,584,36.9,3.24,3.1
936,31-08-2015,03:36 PM,15:36:00,580,37.1,3.24,3.1
937,31-08-2015,03:37 PM,15:37:00,577,37.1,3.24,2.68
938,31-08-2015,03:38 PM,15:38:00,575,37.1,5.58,2.68
939,31-08-2015,03:39 PM,15:39:00,566,37.1,5.58,2.68
940,31-08-2015,03:40 PM,15:40:00,561,37.1,3.24,2.68
941,31-08-2015,03:41 PM,15:41:00,550,37.1,1.62,2.68
942,31-08-2015,03:42 PM,15:42:00,554,37.1,4.86,2.68
943,31-08-2015,03:43 PM,15:43:00,548,37.1,4.86,2.68
944,31-08-2015,03:44 PM,15:44:00,534,37.1,8.1,2.68
945,31-08-2015,03:45 PM,15:45:00,536,37.1,8.1,2.68
946,31-08-2015,03:46 PM,15:46:00,547,37,8.1,0.68
947,31-08-2015,03:47 PM,15:47:00,536,36.9,7.2,0.68
948,31-08-2015,03:48 PM,15:48:00,520,36.9,6.48,0.68
949,31-08-2015,03:49 PM,15:49:00,531,36.8,5.58,0.68
950,31-08-2015,03:50 PM,15:50:00,504,36.7,1.62,0.68
951,31-08-2015,03:51 PM,15:51:00,533,36.7,3.96,0.68
952,31-08-2015,03:52 PM,15:52:00,515,36.7,2.34,0.68
953,31-08-2015,03:53 PM,15:53:00,513,36.8,3.96,0.68
954,31-08-2015,03:54 PM,15:54:00,512,36.8,1.62,0.68
955,31-08-2015,03:55 PM,15:55:00,510,36.8,3.96,0.68
956,31-08-2015,03:56 PM,15:56:00,504,36.9,5.58,0.68
957,31-08-2015,03:57 PM,15:57:00,501,36.9,3.96,1.1
958,31-08-2015,03:58 PM,15:58:00,496,36.9,4.86,1.1
959,31-08-2015,03:59 PM,15:59:00,501,36.9,6.48,1.1
960,31-08-2015,04:00 PM,16:00:00,499,36.9,7.2,1.1
961,31-08-2015,04:01 PM,16:01:00,496,36.9,6.48,0.78
962,31-08-2015,04:02 PM,16:02:00,478,36.8,8.1,0.78
963,31-08-2015,04:03 PM,16:03:00,492,36.7,9.72,0.78
964,31-08-2015,04:04 PM,16:04:00,429,36.6,8.82,0.78
965,31-08-2015,04:05 PM,16:05:00,455,36.4,6.48,0.78
966,31-08-2015,04:06 PM,16:06:00,446,36.3,6.48,0.78
967,31-08-2015,04:07 PM,16:07:00,448,36.3,6.48,0.78
968,31-08-2015,04:08 PM,16:08:00,438,36.2,3.96,0.78
969,31-08-2015,04:09 PM,16:09:00,406,36.2,4.86,0.78
970,31-08-2015,04:10 PM,16:10:00,352,36.3,4.86,0.78
971,31-08-2015,04:11 PM,16:11:00,362,36.3,3.96,0.78
972,31-08-2015,04:12 PM,16:12:00,348,36.3,1.62,0.78
973,31-08-2015,04:13 PM,16:13:00,429,36.4,3.96,0.78
974,31-08-2015,04:14 PM,16:14:00,434,36.4,6.48,0.78
975,31-08-2015,04:15 PM,16:15:00,431,36.5,3.24,0.78
976,31-08-2015,04:16 PM,16:16:00,425,36.6,1.62,0.78
977,31-08-2015,04:17 PM,16:17:00,424,36.6,1.62,0.78
978,31-08-2015,04:18 PM,16:18:00,417,36.7,1.62,0.78
979,31-08-2015,04:19 PM,16:19:00,413,36.7,0.72,0.78
980,31-08-2015,04:20 PM,16:20:00,420,36.8,4.86,0.78
981,31-08-2015,04:21 PM,16:21:00,420,36.8,3.24,1.2
982,31-08-2015,04:22 PM,16:22:00,418,36.8,2.34,1.2
983,31-08-2015,04:23 PM,16:23:00,413,36.9,1.62,1.2
984,31-08-2015,04:24 PM,16:24:00,406,36.9,3.96,1.2
985,31-08-2015,04:25 PM,16:25:00,403,36.9,3.96,0.78
986,31-08-2015,04:26 PM,16:26:00,404,36.9,3.24,0.78
987,31-08-2015,04:27 PM,16:27:00,396,36.9,3.96,0.78
988,31-08-2015,04:28 PM,16:28:00,396,36.9,4.86,0.78
989,31-08-2015,04:29 PM,16:29:00,369,36.9,3.96,0.78
990,31-08-2015,04:30 PM,16:30:00,287,36.9,3.96,0.78
991,31-08-2015,04:31 PM,16:31:00,287,36.9,3.96,0.78
992,31-08-2015,04:32 PM,16:32:00,190,36.9,3.24,0.78
993,31-08-2015,04:33 PM,16:33:00,381,36.8,1.62,0.78
994,31-08-2015,04:34 PM,16:34:00,392,36.8,3.96,0.78
995,31-08-2015,04:35 PM,16:35:00,364,36.8,3.24,0.78
996,31-08-2015,04:36 PM,16:36:00,353,36.9,3.96,0.78
997,31-08-2015,04:37 PM,16:37:00,364,36.9,2.34,0.78
998,31-08-2015,04:38 PM,16:38:00,158,36.9,3.24,0.78
999,31-08-2015,04:39 PM,16:39:00,163,36.9,3.24,0.78
1000,31-08-2015,04:40 PM,16:40:00,202,36.9,3.24,0.78
1001,31-08-2015,04:41 PM,16:41:00,202,37,2.34,0.78
1002,31-08-2015,04:42 PM,16:42:00,367,37,3.96,0.78
1003,31-08-2015,04:43 PM,16:43:00,362,37,4.86,0.78
1004,31-08-2015,04:44 PM,16:44:00,357,37.1,1.62,0.78
1005,31-08-2015,04:45 PM,16:45:00,338,37.1,0.72,1.2
1006,31-08-2015,04:46 PM,16:46:00,325,37.2,0,1.2
1007,31-08-2015,04:47 PM,16:47:00,287,37.2,0.72,1.2
1008,31-08-2015,04:48 PM,16:48:00,276,37.2,1.62,1.2
1009,31-08-2015,04:49 PM,16:49:00,306,37.3,0.72,0.78
1010,31-08-2015,04:50 PM,16:50:00,250,37.3,1.62,0.78
1011,31-08-2015,04:51 PM,16:51:00,188,37.3,3.24,0.78
1012,31-08-2015,04:52 PM,16:52:00,179,37.3,3.96,0.78
1013,31-08-2015,04:53 PM,16:53:00,155,37.3,3.24,0.78
1014,31-08-2015,04:54 PM,16:54:00,167,37.3,1.62,0.78
1015,31-08-2015,04:55 PM,16:55:00,193,37.2,1.62,0.78
1016,31-08-2015,04:56 PM,16:56:00,141,37.2,1.62,0.78
1017,31-08-2015,04:57 PM,16:57:00,128,37.1,0.72,0.78
1018,31-08-2015,04:58 PM,16:58:00,123,37.1,0,0.78
1019,31-08-2015,04:59 PM,16:59:00,130,37,3.24,0.78
1020,31-08-2015,05:00 PM,17:00:00,137,36.9,3.96,0.78
1021,31-08-2015,05:01 PM,17:01:00,149,36.8,3.24,1.13
1022,31-08-2015,05:02 PM,17:02:00,148,36.7,0.72,1.13
1023,31-08-2015,05:03 PM,17:03:00,156,36.6,0,1.13
1024,31-08-2015,05:04 PM,17:04:00,155,36.6,0,1.13
1025,31-08-2015,05:05 PM,17:05:00,192,36.6,0,1.13
1026,31-08-2015,05:06 PM,17:06:00,213,36.6,0,1.13
1027,31-08-2015,05:07 PM,17:07:00,227,36.6,0,1.13
1028,31-08-2015,05:08 PM,17:08:00,144,36.6,0,1.13
1029,31-08-2015,05:09 PM,17:09:00,146,36.7,0.72,1.55
1030,31-08-2015,05:10 PM,17:10:00,160,36.7,3.24,1.55
1031,31-08-2015,05:11 PM,17:11:00,158,36.8,0.72,1.55
1032,31-08-2015,05:12 PM,17:12:00,155,36.8,0,1.55
1033,31-08-2015,05:13 PM,17:13:00,181,36.8,0,1.13
1034,31-08-2015,05:14 PM,17:14:00,185,36.8,0,1.13
1035,31-08-2015,05:15 PM,17:15:00,202,36.8,0,1.13
1036,31-08-2015,05:16 PM,17:16:00,188,36.8,0,1.13
1037,31-08-2015,05:17 PM,17:17:00,118,36.8,0,1.13
1038,31-08-2015,05:18 PM,17:18:00,105,36.8,0,1.13
1039,31-08-2015,05:19 PM,17:19:00,192,36.8,0,1.13
1040,31-08-2015,05:20 PM,17:20:00,193,36.8,0,1.13
1041,31-08-2015,05:21 PM,17:21:00,188,36.8,0,1.13
1042,31-08-2015,05:22 PM,17:22:00,179,36.8,0,1.13
1043,31-08-2015,05:23 PM,17:23:00,171,36.9,0,1.13
1044,31-08-2015,05:24 PM,17:24:00,169,36.9,0,1.13
1045,31-08-2015,05:25 PM,17:25:00,162,36.9,0,1.13
1046,31-08-2015,05:26 PM,17:26:00,139,36.9,0,1.13
1047,31-08-2015,05:27 PM,17:27:00,144,36.9,0,1.13
1048,31-08-2015,05:28 PM,17:28:00,142,36.9,3.24,1.13
1049,31-08-2015,05:29 PM,17:29:00,139,36.9,3.24,1.13
1050,31-08-2015,05:30 PM,17:30:00,137,36.9,1.62,1.13
1051,31-08-2015,05:31 PM,17:31:00,135,36.9,1.62,1.13
1052,31-08-2015,05:32 PM,17:32:00,134,36.9,0.72,1.13
1053,31-08-2015,05:33 PM,17:33:00,127,36.9,0.72,1.55
1054,31-08-2015,05:34 PM,17:34:00,121,36.8,0.72,1.55
1055,31-08-2015,05:35 PM,17:35:00,114,36.8,0,1.55
1056,31-08-2015,05:36 PM,17:36:00,109,36.8,0,1.55
1057,31-08-2015,05:37 PM,17:37:00,105,36.9,0,1.13
1058,31-08-2015,05:38 PM,17:38:00,105,36.8,0,1.13
1059,31-08-2015,05:39 PM,17:39:00,104,36.8,0,1.13
1060,31-08-2015,05:40 PM,17:40:00,104,36.8,0,1.13
1061,31-08-2015,05:41 PM,17:41:00,100,36.8,0,1.13
1062,31-08-2015,05:42 PM,17:42:00,97,36.8,0,1.13
1063,31-08-2015,05:43 PM,17:43:00,90,36.8,0,1.13
1064,31-08-2015,05:44 PM,17:44:00,86,36.8,1.62,1.13
1065,31-08-2015,05:45 PM,17:45:00,83,36.9,3.24,1.13
1066,31-08-2015,05:46 PM,17:46:00,79,36.9,4.86,1.13
1067,31-08-2015,05:47 PM,17:47:00,77,36.8,1.62,1.13
1068,31-08-2015,05:48 PM,17:48:00,74,36.8,1.62,1.13
1069,31-08-2015,05:49 PM,17:49:00,69,36.8,0.72,1.13
1070,31-08-2015,05:50 PM,17:50:00,67,36.8,1.62,1.13
1071,31-08-2015,05:51 PM,17:51:00,65,36.7,1.62,1.13
1072,31-08-2015,05:52 PM,17:52:00,63,36.7,0.72,1.13
1073,31-08-2015,05:53 PM,17:53:00,62,36.7,0,1.13
1074,31-08-2015,05:54 PM,17:54:00,60,36.7,0,1.13
1075,31-08-2015,05:55 PM,17:55:00,58,36.6,0,1.13
1076,31-08-2015,05:56 PM,17:56:00,56,36.6,0,1.13
1077,31-08-2015,05:57 PM,17:57:00,54,36.6,0,1.55
1078,31-08-2015,05:58 PM,17:58:00,51,36.6,0,1.55
1079,31-08-2015,05:59 PM,17:59:00,49,36.6,0,1.55
1080,31-08-2015,06:00 PM,18:00:00,47,36.6,0,1.55
1081,31-08-2015,06:01 PM,18:01:00,44,36.6,0,6.83
1082,31-08-2015,06:02 PM,18:02:00,42,36.5,0,6.83
1083,31-08-2015,06:03 PM,18:03:00,40,36.5,0,6.83
1084,31-08-2015,06:04 PM,18:04:00,39,36.5,0,6.83
1085,31-08-2015,06:05 PM,18:05:00,37,36.5,0,6.83
1086,31-08-2015,06:06 PM,18:06:00,35,36.5,0,6.83
1087,31-08-2015,06:07 PM,18:07:00,32,36.5,0,6.83
1088,31-08-2015,06:08 PM,18:08:00,32,36.5,0,3.93
1089,31-08-2015,06:09 PM,18:09:00,30,36.5,0,3.93
1090,31-08-2015,06:10 PM,18:10:00,30,36.5,0,6.83
1091,31-08-2015,06:11 PM,18:11:00,28,36.4,0,3.93
1092,31-08-2015,06:12 PM,18:12:00,25,36.4,0,6.83
1093,31-08-2015,06:13 PM,18:13:00,25,36.4,0,3.93
1094,31-08-2015,06:14 PM,18:14:00,23,36.4,0,3.93
1095,31-08-2015,06:15 PM,18:15:00,21,36.4,0,6.83
1096,31-08-2015,06:16 PM,18:16:00,19,36.4,0,3.93
1097,31-08-2015,06:17 PM,18:17:00,18,36.3,0,6.83
1098,31-08-2015,06:18 PM,18:18:00,16,36.3,0,3.93
1099,31-08-2015,06:19 PM,18:19:00,14,36.2,0,3.93
1100,31-08-2015,06:20 PM,18:20:00,12,36.1,0,6.83
1101,31-08-2015,06:21 PM,18:21:00,11,36.1,0,4.35
1102,31-08-2015,06:22 PM,18:22:00,9,35.9,0,6.83
1103,31-08-2015,06:23 PM,18:23:00,9,35.9,0,3.93
1104,31-08-2015,06:24 PM,18:24:00,5,35.8,0,3.93
1105,31-08-2015,06:25 PM,18:25:00,5,35.7,0,6.83
1106,31-08-2015,06:26 PM,18:26:00,0,35.7,0.72,3.93
1107,31-08-2015,06:27 PM,18:27:00,0,35.6,3.24,6.83
1108,31-08-2015,06:28 PM,18:28:00,0,35.5,3.96,4.35
1109,31-08-2015,06:29 PM,18:29:00,0,35.4,3.96,4.35
1110,31-08-2015,06:30 PM,18:30:00,0,35.4,3.96,5.43
1111,31-08-2015,06:31 PM,18:31:00,0,35.3,3.96,2.53
1112,31-08-2015,06:32 PM,18:32:00,0,35.3,9.72,5.43
1113,31-08-2015,06:33 PM,18:33:00,0,35.2,9.72,3.93
1114,31-08-2015,06:34 PM,18:34:00,0,35.1,10.44,3.93
1115,31-08-2015,06:35 PM,18:35:00,0,34.8,7.2,5.43
1116,31-08-2015,06:36 PM,18:36:00,0,34.7,8.1,2.53
1117,31-08-2015,06:37 PM,18:37:00,0,34.4,6.48,5.43
1118,31-08-2015,06:38 PM,18:38:00,0,34.3,8.1,2.53
1119,31-08-2015,06:39 PM,18:39:00,0,34.2,8.1,4.35
1120,31-08-2015,06:40 PM,18:40:00,0,34.1,6.48,5.43
1121,31-08-2015,06:41 PM,18:41:00,0,33.9,4.86,2.53
1122,31-08-2015,06:42 PM,18:42:00,0,33.8,6.48,5.43
1123,31-08-2015,06:43 PM,18:43:00,0,33.8,9.72,3.93
1124,31-08-2015,06:44 PM,18:44:00,0,33.7,8.82,3.93
1125,31-08-2015,06:45 PM,18:45:00,0,33.7,11.34,5.43
1126,31-08-2015,06:46 PM,18:46:00,0,33.6,9.72,2.95
1127,31-08-2015,06:47 PM,18:47:00,0,33.5,8.82,5.43
1128,31-08-2015,06:48 PM,18:48:00,0,33.4,8.82,3.93
1129,31-08-2015,06:49 PM,18:49:00,0,33.4,9.72,3.93
1130,31-08-2015,06:50 PM,18:50:00,0,33.4,9.72,5.43
1131,31-08-2015,06:51 PM,18:51:00,0,33.3,8.82,2.95
1132,31-08-2015,06:52 PM,18:52:00,0,33.3,11.34,5.43
1133,31-08-2015,06:53 PM,18:53:00,0,33.2,8.82,2.53
1134,31-08-2015,06:54 PM,18:54:00,0,33.2,9.72,3.93
1135,31-08-2015,06:55 PM,18:55:00,0,33.2,7.2,5.43
1136,31-08-2015,06:56 PM,18:56:00,0,33.2,8.82,2.53
1137,31-08-2015,06:57 PM,18:57:00,0,33.1,8.82,5.43
1138,31-08-2015,06:58 PM,18:58:00,0,33.1,11.34,4.35
1139,31-08-2015,06:59 PM,18:59:00,0,33.1,11.34,4.35
1140,31-08-2015,07:00 PM,19:00:00,0,33,10.44,5.43
1141,31-08-2015,07:01 PM,19:01:00,0,32.9,10.44,3.53
1142,31-08-2015,07:02 PM,19:02:00,0,32.9,7.2,6.43
1143,31-08-2015,07:03 PM,19:03:00,0,32.9,8.1,4.93
1144,31-08-2015,07:04 PM,19:04:00,0,32.8,8.1,4.93
1145,31-08-2015,07:05 PM,19:05:00,0,32.8,9.72,6.43
1146,31-08-2015,07:06 PM,19:06:00,0,32.8,9.72,3.53
1147,31-08-2015,07:07 PM,19:07:00,0,32.8,9.72,6.43
1148,31-08-2015,07:08 PM,19:08:00,0,32.7,10.44,3.53
1149,31-08-2015,07:09 PM,19:09:00,0,32.7,6.48,4.93
1150,31-08-2015,07:10 PM,19:10:00,0,32.7,7.2,6.43
1151,31-08-2015,07:11 PM,19:11:00,0,32.7,6.48,3.95
1152,31-08-2015,07:12 PM,19:12:00,0,32.7,5.58,6.43
1153,31-08-2015,07:13 PM,19:13:00,0,32.6,10.44,4.93
1154,31-08-2015,07:14 PM,19:14:00,0,32.6,12.96,4.93
1155,31-08-2015,07:15 PM,19:15:00,0,32.6,8.82,6.43
1156,31-08-2015,07:16 PM,19:16:00,0,32.4,10.44,3.95
1157,31-08-2015,07:17 PM,19:17:00,0,32.4,9.72,6.43
1158,31-08-2015,07:18 PM,19:18:00,0,32.4,11.34,4.93
1159,31-08-2015,07:19 PM,19:19:00,0,32.3,10.44,4.93
1160,31-08-2015,07:20 PM,19:20:00,0,32.3,10.44,6.43
1161,31-08-2015,07:21 PM,19:21:00,0,32.2,10.44,3.95
1162,31-08-2015,07:22 PM,19:22:00,0,32.2,9.72,6.43
1163,31-08-2015,07:23 PM,19:23:00,0,32.1,8.82,3.53
1164,31-08-2015,07:24 PM,19:24:00,0,32.1,12.06,4.93
1165,31-08-2015,07:25 PM,19:25:00,0,32,9.72,6.43
1166,31-08-2015,07:26 PM,19:26:00,0,31.9,8.82,3.53
1167,31-08-2015,07:27 PM,19:27:00,0,31.9,8.82,6.43
1168,31-08-2015,07:28 PM,19:28:00,0,31.8,9.72,4.93
1169,31-08-2015,07:29 PM,19:29:00,0,31.8,8.82,4.93
1170,31-08-2015,07:30 PM,19:30:00,0,31.7,10.44,6.43
1171,31-08-2015,07:31 PM,19:31:00,0,31.7,10.44,3.95
1172,31-08-2015,07:32 PM,19:32:00,0,31.7,9.72,6.43
1173,31-08-2015,07:33 PM,19:33:00,0,31.6,10.44,4.93
1174,31-08-2015,07:34 PM,19:34:00,0,31.6,9.72,4.93
1175,31-08-2015,07:35 PM,19:35:00,0,31.6,11.34,6.43
1176,31-08-2015,07:36 PM,19:36:00,0,31.5,14.4,3.95
1177,31-08-2015,07:37 PM,19:37:00,0,31.5,10.44,6.43
1178,31-08-2015,07:38 PM,19:38:00,0,31.4,12.06,3.53
1179,31-08-2015,07:39 PM,19:39:00,0,31.4,12.06,4.93
1180,31-08-2015,07:40 PM,19:40:00,0,31.4,12.06,6.43
1181,31-08-2015,07:41 PM,19:41:00,0,31.3,12.06,3.95
1182,31-08-2015,07:42 PM,19:42:00,0,31.3,9.72,6.43
1183,31-08-2015,07:43 PM,19:43:00,0,31.3,12.96,4.93
1184,31-08-2015,07:44 PM,19:44:00,0,31.3,11.34,4.93
1185,31-08-2015,07:45 PM,19:45:00,0,31.2,11.34,6.43
1186,31-08-2015,07:46 PM,19:46:00,0,31.2,11.34,3.95
1187,31-08-2015,07:47 PM,19:47:00,0,31.2,12.96,6.43
1188,31-08-2015,07:48 PM,19:48:00,0,31.2,12.06,4.93
1189,31-08-2015,07:49 PM,19:49:00,0,31.1,12.06,4.93
1190,31-08-2015,07:50 PM,19:50:00,0,31.1,8.82,6.43
1191,31-08-2015,07:51 PM,19:51:00,0,31.1,8.1,3.95
1192,31-08-2015,07:52 PM,19:52:00,0,31.1,10.44,6.43
1193,31-08-2015,07:53 PM,19:53:00,0,31.1,9.72,3.53
1194,31-08-2015,07:54 PM,19:54:00,0,31,12.06,4.93
1195,31-08-2015,07:55 PM,19:55:00,0,31,10.44,6.43
1196,31-08-2015,07:56 PM,19:56:00,0,30.9,10.44,3.53
1197,31-08-2015,07:57 PM,19:57:00,0,30.9,10.44,6.43
1198,31-08-2015,07:58 PM,19:58:00,0,30.9,8.82,4.93
1199,31-08-2015,07:59 PM,19:59:00,0,30.8,9.72,4.93
1200,31-08-2015,08:00 PM,20:00:00,0,30.8,12.06,6.43
1201,31-08-2015,08:01 PM,20:01:00,0,30.8,9.72,2.85
1202,31-08-2015,08:02 PM,20:02:00,0,30.8,10.44,5.33
1203,31-08-2015,08:03 PM,20:03:00,0,30.8,11.34,4.25
1204,31-08-2015,08:04 PM,20:04:00,0,30.7,11.34,4.25
1205,31-08-2015,08:05 PM,20:05:00,0,30.7,9.72,5.33
1206,31-08-2015,08:06 PM,20:06:00,0,30.7,10.44,2.43
1207,31-08-2015,08:07 PM,20:07:00,0,30.7,9.72,5.33
1208,31-08-2015,08:08 PM,20:08:00,0,30.6,12.06,2.43
1209,31-08-2015,08:09 PM,20:09:00,0,30.6,8.1,3.83
1210,31-08-2015,08:10 PM,20:10:00,0,30.6,7.2,5.33
1211,31-08-2015,08:11 PM,20:11:00,0,30.6,9.72,2.43
1212,31-08-2015,08:12 PM,20:12:00,0,30.6,9.72,5.33
1213,31-08-2015,08:13 PM,20:13:00,0,30.5,9.72,3.83
1214,31-08-2015,08:14 PM,20:14:00,0,30.5,10.44,3.83
1215,31-08-2015,08:15 PM,20:15:00,0,30.4,10.44,5.33
1216,31-08-2015,08:16 PM,20:16:00,0,30.4,9.72,2.85
1217,31-08-2015,08:17 PM,20:17:00,0,30.4,8.82,5.33
1218,31-08-2015,08:18 PM,20:18:00,0,30.4,9.72,3.83
1219,31-08-2015,08:19 PM,20:19:00,0,30.4,9.72,3.83
1220,31-08-2015,08:20 PM,20:20:00,0,30.4,6.48,5.33
1221,31-08-2015,08:21 PM,20:21:00,0,30.4,7.2,2.85
1222,31-08-2015,08:22 PM,20:22:00,0,30.4,7.2,5.33
1223,31-08-2015,08:23 PM,20:23:00,0,30.4,8.1,2.43
1224,31-08-2015,08:24 PM,20:24:00,0,30.3,8.1,3.83
1225,31-08-2015,08:25 PM,20:25:00,0,30.3,6.48,5.33
1226,31-08-2015,08:26 PM,20:26:00,0,30.3,7.2,2.43
1227,31-08-2015,08:27 PM,20:27:00,0,30.3,8.82,5.33
1228,31-08-2015,08:28 PM,20:28:00,0,30.3,10.44,4.25
1229,31-08-2015,08:29 PM,20:29:00,0,30.2,9.72,4.25
1230,31-08-2015,08:30 PM,20:30:00,0,30.2,12.96,5.33
1231,31-08-2015,08:31 PM,20:31:00,0,30.2,10.44,2.43
1232,31-08-2015,08:32 PM,20:32:00,0,30.2,11.34,5.33
1233,31-08-2015,08:33 PM,20:33:00,0,30.1,9.72,3.83
1234,31-08-2015,08:34 PM,20:34:00,0,30.1,9.72,3.83
1235,31-08-2015,08:35 PM,20:35:00,0,30.1,8.1,5.33
1236,31-08-2015,08:36 PM,20:36:00,0,30.1,7.2,2.43
1237,31-08-2015,08:37 PM,20:37:00,0,30.1,7.2,5.33
1238,31-08-2015,08:38 PM,20:38:00,0,30,9.72,2.43
1239,31-08-2015,08:39 PM,20:39:00,0,30,8.82,4.25
1240,31-08-2015,08:40 PM,20:40:00,0,30,10.44,5.33
1241,31-08-2015,08:41 PM,20:41:00,0,29.9,8.82,2.43
1242,31-08-2015,08:42 PM,20:42:00,0,29.9,8.82,5.33
1243,31-08-2015,08:43 PM,20:43:00,0,29.9,8.1,3.83
1244,31-08-2015,08:44 PM,20:44:00,0,29.9,8.1,3.83
1245,31-08-2015,08:45 PM,20:45:00,0,29.9,4.86,5.33
1246,31-08-2015,08:46 PM,20:46:00,0,29.9,6.48,2.85
1247,31-08-2015,08:47 PM,20:47:00,0,29.8,7.2,5.33
1248,31-08-2015,08:48 PM,20:48:00,0,29.8,8.1,3.83
1249,31-08-2015,08:49 PM,20:49:00,0,29.8,7.2,3.83
1250,31-08-2015,08:50 PM,20:50:00,0,29.8,6.48,5.33
1251,31-08-2015,08:51 PM,20:51:00,0,29.8,8.82,2.85
1252,31-08-2015,08:52 PM,20:52:00,0,29.8,8.82,5.33
1253,31-08-2015,08:53 PM,20:53:00,0,29.8,10.44,2.43
1254,31-08-2015,08:54 PM,20:54:00,0,29.8,7.2,3.83
1255,31-08-2015,08:55 PM,20:55:00,0,29.8,8.82,5.33
1256,31-08-2015,08:56 PM,20:56:00,0,29.8,9.72,2.43
1257,31-08-2015,08:57 PM,20:57:00,0,29.8,8.82,5.33
1258,31-08-2015,08:58 PM,20:58:00,0,29.8,10.44,4.25
1259,31-08-2015,08:59 PM,20:59:00,0,29.7,9.72,4.25
1260,31-08-2015,09:00 PM,21:00:00,0,29.7,10.44,5.33
1261,31-08-2015,09:01 PM,21:01:00,0,29.7,9.72,2.03
1262,31-08-2015,09:02 PM,21:02:00,0,29.7,8.82,4.93
1263,31-08-2015,09:03 PM,21:03:00,0,29.7,9.72,3.43
1264,31-08-2015,09:04 PM,21:04:00,0,29.7,8.1,3.43
1265,31-08-2015,09:05 PM,21:05:00,0,29.7,8.1,4.93
1266,31-08-2015,09:06 PM,21:06:00,0,29.7,8.1,2.03
1267,31-08-2015,09:07 PM,21:07:00,0,29.7,5.58,4.93
1268,31-08-2015,09:08 PM,21:08:00,0,29.7,7.2,2.03
1269,31-08-2015,09:09 PM,21:09:00,0,29.7,6.48,3.85
1270,31-08-2015,09:10 PM,21:10:00,0,29.7,6.48,4.93
1271,31-08-2015,09:11 PM,21:11:00,0,29.7,8.82,2.03
1272,31-08-2015,09:12 PM,21:12:00,0,29.7,5.58,4.93
1273,31-08-2015,09:13 PM,21:13:00,0,29.7,4.86,3.43
1274,31-08-2015,09:14 PM,21:14:00,0,29.7,5.58,3.43
1275,31-08-2015,09:15 PM,21:15:00,0,29.7,7.2,4.93
1276,31-08-2015,09:16 PM,21:16:00,0,29.6,8.1,2.45
1277,31-08-2015,09:17 PM,21:17:00,0,29.6,6.48,4.93
1278,31-08-2015,09:18 PM,21:18:00,0,29.6,7.2,3.43
1279,31-08-2015,09:19 PM,21:19:00,0,29.6,8.1,3.43
1280,31-08-2015,09:20 PM,21:20:00,0,29.6,6.48,4.93
1281,31-08-2015,09:21 PM,21:21:00,0,29.6,5.58,2.45
1282,31-08-2015,09:22 PM,21:22:00,0,29.6,5.58,4.93
1283,31-08-2015,09:23 PM,21:23:00,0,29.6,5.58,2.03
1284,31-08-2015,09:24 PM,21:24:00,0,29.6,5.58,3.43
1285,31-08-2015,09:25 PM,21:25:00,0,29.6,7.2,4.93
1286,31-08-2015,09:26 PM,21:26:00,0,29.6,6.48,2.03
1287,31-08-2015,09:27 PM,21:27:00,0,29.6,7.2,4.93
1288,31-08-2015,09:28 PM,21:28:00,0,29.6,7.2,3.85
1289,31-08-2015,09:29 PM,21:29:00,0,29.6,7.2,3.85
1290,31-08-2015,09:30 PM,21:30:00,0,29.6,6.48,4.93
1291,31-08-2015,09:31 PM,21:31:00,0,29.6,9.72,2.03
1292,31-08-2015,09:32 PM,21:32:00,0,29.5,8.1,4.93
1293,31-08-2015,09:33 PM,21:33:00,0,29.5,8.82,3.43
1294,31-08-2015,09:34 PM,21:34:00,0,29.5,6.48,3.43
1295,31-08-2015,09:35 PM,21:35:00,0,29.4,6.48,4.93
1296,31-08-2015,09:36 PM,21:36:00,0,29.4,8.82,2.03
1297,31-08-2015,09:37 PM,21:37:00,0,29.4,7.2,4.93
1298,31-08-2015,09:38 PM,21:38:00,0,29.4,8.82,2.03
1299,31-08-2015,09:39 PM,21:39:00,0,29.4,8.1,3.85
1300,31-08-2015,09:40 PM,21:40:00,0,29.4,7.2,4.93
1301,31-08-2015,09:41 PM,21:41:00,0,29.4,8.82,2.03
1302,31-08-2015,09:42 PM,21:42:00,0,29.4,6.48,4.93
1303,31-08-2015,09:43 PM,21:43:00,0,29.4,8.82,3.43
1304,31-08-2015,09:44 PM,21:44:00,0,29.4,7.2,3.43
1305,31-08-2015,09:45 PM,21:45:00,0,29.4,7.2,4.93
1306,31-08-2015,09:46 PM,21:46:00,0,29.4,6.48,2.45
1307,31-08-2015,09:47 PM,21:47:00,0,29.4,9.72,4.93
1308,31-08-2015,09:48 PM,21:48:00,0,29.4,7.2,3.43
1309,31-08-2015,09:49 PM,21:49:00,0,29.3,6.48,3.43
1310,31-08-2015,09:50 PM,21:50:00,0,29.3,8.1,4.93
1311,31-08-2015,09:51 PM,21:51:00,0,29.3,7.2,2.45
1312,31-08-2015,09:52 PM,21:52:00,0,29.3,8.1,4.93
1313,31-08-2015,09:53 PM,21:53:00,0,29.3,7.2,2.03
1314,31-08-2015,09:54 PM,21:54:00,0,29.3,8.1,3.43
1315,31-08-2015,09:55 PM,21:55:00,0,29.3,7.2,4.93
1316,31-08-2015,09:56 PM,21:56:00,0,29.3,6.48,2.03
1317,31-08-2015,09:57 PM,21:57:00,0,29.3,6.48,4.93
1318,31-08-2015,09:58 PM,21:58:00,0,29.3,6.48,3.85
1319,31-08-2015,09:59 PM,21:59:00,0,29.3,5.58,3.85
1320,31-08-2015,10:00 PM,22:00:00,0,29.3,7.2,4.93
1321,31-08-2015,10:01 PM,22:01:00,0,29.3,4.86,1.2
1322,31-08-2015,10:02 PM,22:02:00,0,29.3,7.2,1.2
1323,31-08-2015,10:03 PM,22:03:00,0,29.4,6.48,2.6
1324,31-08-2015,10:04 PM,22:04:00,0,29.4,6.48,2.6
1325,31-08-2015,10:05 PM,22:05:00,0,29.4,7.2,2.6
1326,31-08-2015,10:06 PM,22:06:00,0,29.4,8.1,2.6
1327,31-08-2015,10:07 PM,22:07:00,0,29.3,7.2,2.6
1328,31-08-2015,10:08 PM,22:08:00,0,29.3,6.48,2.6
1329,31-08-2015,10:09 PM,22:09:00,0,29.3,7.2,1.62
1330,31-08-2015,10:10 PM,22:10:00,0,29.3,8.1,1.62
1331,31-08-2015,10:11 PM,22:11:00,0,29.3,7.2,1.62
1332,31-08-2015,10:12 PM,22:12:00,0,29.3,7.2,1.62
1333,31-08-2015,10:13 PM,22:13:00,0,29.3,6.48,1.2
1334,31-08-2015,10:14 PM,22:14:00,0,29.3,4.86,1.2
1335,31-08-2015,10:15 PM,22:15:00,0,29.3,7.2,1.2
1336,31-08-2015,10:16 PM,22:16:00,0,29.3,5.58,4.7
1337,31-08-2015,10:17 PM,22:17:00,0,29.3,7.2,4.7
1338,31-08-2015,10:18 PM,22:18:00,0,29.3,5.58,4.7
1339,31-08-2015,10:19 PM,22:19:00,0,29.3,4.86,4.7
1340,31-08-2015,10:20 PM,22:20:00,0,29.3,8.1,4.7
1341,31-08-2015,10:21 PM,22:21:00,0,29.3,6.48,4.7
1342,31-08-2015,10:22 PM,22:22:00,0,29.3,3.96,4.7
1343,31-08-2015,10:23 PM,22:23:00,0,29.3,5.58,4.7
1344,31-08-2015,10:24 PM,22:24:00,0,29.3,3.96,4.7
1345,31-08-2015,10:25 PM,22:25:00,0,29.4,7.2,4.7
1346,31-08-2015,10:26 PM,22:26:00,0,29.4,5.58,6.1
1347,31-08-2015,10:27 PM,22:27:00,0,29.4,4.86,4.7
1348,31-08-2015,10:28 PM,22:28:00,0,29.4,7.2,4.7
1349,31-08-2015,10:29 PM,22:29:00,0,29.4,7.2,6.1
1350,31-08-2015,10:30 PM,22:30:00,0,29.4,7.2,4.7
1351,31-08-2015,10:31 PM,22:31:00,0,29.4,7.2,4.7
1352,31-08-2015,10:32 PM,22:32:00,0,29.4,7.2,6.1
1353,31-08-2015,10:33 PM,22:33:00,0,29.4,8.1,4.7
1354,31-08-2015,10:34 PM,22:34:00,0,29.4,6.48,4.7
1355,31-08-2015,10:35 PM,22:35:00,0,29.4,4.86,6.1
1356,31-08-2015,10:36 PM,22:36:00,0,29.4,5.58,4.7
1357,31-08-2015,10:37 PM,22:37:00,0,29.4,4.86,4.7
1358,31-08-2015,10:38 PM,22:38:00,0,29.4,5.58,6.1
1359,31-08-2015,10:39 PM,22:39:00,0,29.4,6.48,4.7
1360,31-08-2015,10:40 PM,22:40:00,0,29.4,5.58,4.7
1361,31-08-2015,10:41 PM,22:41:00,0,29.4,3.96,6.1
1362,31-08-2015,10:42 PM,22:42:00,0,29.4,5.58,4.7
1363,31-08-2015,10:43 PM,22:43:00,0,29.4,4.86,4.7
1364,31-08-2015,10:44 PM,22:44:00,0,29.4,5.58,6.52
1365,31-08-2015,10:45 PM,22:45:00,0,29.4,4.86,4.7
1366,31-08-2015,10:46 PM,22:46:00,0,29.4,6.48,4.7
1367,31-08-2015,10:47 PM,22:47:00,0,29.3,7.2,6.1
1368,31-08-2015,10:48 PM,22:48:00,0,29.3,6.48,4.7
1369,31-08-2015,10:49 PM,22:49:00,0,29.3,6.48,4.7
1370,31-08-2015,10:50 PM,22:50:00,0,29.3,6.48,6.52
1371,31-08-2015,10:51 PM,22:51:00,0,29.3,5.58,4.7
1372,31-08-2015,10:52 PM,22:52:00,0,29.3,4.86,4.7
1373,31-08-2015,10:53 PM,22:53:00,0,29.3,4.86,6.1
1374,31-08-2015,10:54 PM,22:54:00,0,29.3,5.58,4.7
1375,31-08-2015,10:55 PM,22:55:00,0,29.3,6.48,4.7
1376,31-08-2015,10:56 PM,22:56:00,0,29.3,5.58,6.52
1377,31-08-2015,10:57 PM,22:57:00,0,29.3,5.58,4.7
1378,31-08-2015,10:58 PM,22:58:00,0,29.3,4.86,4.7
1379,31-08-2015,10:59 PM,22:59:00,0,29.3,4.86,6.1
1380,31-08-2015,11:00 PM,23:00:00,0,29.3,5.58,4.7
1381,31-08-2015,11:01 PM,23:01:00,0,29.3,6.48,4.7
1382,31-08-2015,11:02 PM,23:02:00,0,29.4,6.48,6.52
1383,31-08-2015,11:03 PM,23:03:00,0,29.4,5.58,4.7
1384,31-08-2015,11:04 PM,23:04:00,0,29.4,3.96,4.7
1385,31-08-2015,11:05 PM,23:05:00,0,29.4,3.96,6.1
1386,31-08-2015,11:06 PM,23:06:00,0,29.4,4.86,4.7
1387,31-08-2015,11:07 PM,23:07:00,0,29.4,4.86,4.7
1388,31-08-2015,11:08 PM,23:08:00,0,29.4,3.96,6.52
1389,31-08-2015,11:09 PM,23:09:00,0,29.4,4.86,4.7
1390,31-08-2015,11:10 PM,23:10:00,0,29.4,4.86,4.7
1391,31-08-2015,11:11 PM,23:11:00,0,29.4,5.58,6.1
1392,31-08-2015,11:12 PM,23:12:00,0,29.4,5.58,4.7
1393,31-08-2015,11:13 PM,23:13:00,0,29.4,4.86,4.7
1394,31-08-2015,11:14 PM,23:14:00,0,29.4,3.96,6.52
1395,31-08-2015,11:15 PM,23:15:00,0,29.4,4.86,4.7
1396,31-08-2015,11:16 PM,23:16:00,0,29.4,4.86,3.02
1397,31-08-2015,11:17 PM,23:17:00,0,29.4,4.86,3.02
1398,31-08-2015,11:18 PM,23:18:00,0,29.4,5.58,3.02
1399,31-08-2015,11:19 PM,23:19:00,0,29.4,5.58,3.02
1400,31-08-2015,11:20 PM,23:20:00,0,29.4,5.58,3.02
1401,31-08-2015,11:21 PM,23:21:00,0,29.4,4.86,3.02
1402,31-08-2015,11:22 PM,23:22:00,0,29.4,4.86,2.6
1403,31-08-2015,11:23 PM,23:23:00,0,29.4,5.58,2.6
1404,31-08-2015,11:24 PM,23:24:00,0,29.4,4.86,1.2
1405,31-08-2015,11:25 PM,23:25:00,0,29.4,8.1,1.2
1406,31-08-2015,11:26 PM,23:26:00,0,29.4,6.48,1.2
1407,31-08-2015,11:27 PM,23:27:00,0,29.4,7.2,1.2
1408,31-08-2015,11:28 PM,23:28:00,0,29.4,7.2,1.2
1409,31-08-2015,11:29 PM,23:29:00,0,29.4,7.2,1.2
1410,31-08-2015,11:30 PM,23:30:00,0,29.4,6.48,1.2
1411,31-08-2015,11:31 PM,23:31:00,0,29.4,7.2,1.2
1412,31-08-2015,11:32 PM,23:32:00,0,29.4,6.48,1.2
1413,31-08-2015,11:33 PM,23:33:00,0,29.4,6.48,1.2
1414,31-08-2015,11:34 PM,23:34:00,0,29.4,5.58,1.2
1415,31-08-2015,11:35 PM,23:35:00,0,29.3,6.48,1.2
1416,31-08-2015,11:36 PM,23:36:00,0,29.3,7.2,2.6
1417,31-08-2015,11:37 PM,23:37:00,0,29.3,7.2,2.6
1418,31-08-2015,11:38 PM,23:38:00,0,29.3,7.2,2.6
1419,31-08-2015,11:39 PM,23:39:00,0,29.3,5.58,2.6
1420,31-08-2015,11:40 PM,23:40:00,0,29.3,6.48,2.6
1421,31-08-2015,11:41 PM,23:41:00,0,29.3,6.48,2.6
1422,31-08-2015,11:42 PM,23:42:00,0,29.3,7.2,1.2
1423,31-08-2015,11:43 PM,23:43:00,0,29.3,6.48,1.2
1424,31-08-2015,11:44 PM,23:44:00,0,29.3,6.48,1.2
1425,31-08-2015,11:45 PM,23:45:00,0,29.3,6.48,1.62
1426,31-08-2015,11:46 PM,23:46:00,0,29.3,6.48,1.62
1427,31-08-2015,11:47 PM,23:47:00,0,29.3,6.48,1.62
1428,31-08-2015,11:48 PM,23:48:00,0,29.3,8.1,1.62
1429,31-08-2015,11:49 PM,23:49:00,0,29.3,6.48,1.2
1430,31-08-2015,11:50 PM,23:50:00,0,29.3,6.48,1.2
1431,31-08-2015,11:51 PM,23:51:00,0,29.3,6.48,1.2
1432,31-08-2015,11:52 PM,23:52:00,0,29.3,7.2,1.2
1433,31-08-2015,11:53 PM,23:53:00,0,29.3,5.58,1.2
1434,31-08-2015,11:54 PM,23:54:00,0,29.3,5.58,2.6
1435,31-08-2015,11:55 PM,23:55:00,0,29.3,6.48,2.6
1436,31-08-2015,11:56 PM,23:56:00,0,29.3,4.86,2.6
1437,31-08-2015,11:57 PM,23:57:00,0,29.3,5.58,2.6
1438,31-08-2015,11:58 PM,23:58:00,0,29.3,5.58,2.6
1439,31-08-2015,11:59 PM,23:59:00,0,29.3,6.48,2.6
1440,31-08-2015,12:00 AM,00:00:00,0,29.3,6.48,1.2
